group_id,group_start,group_end,duration_min,vote_count,stations,first_station,first_station_start,event_count_per_station
4,2025-08-27 15:32:30+00:00,2025-09-18 04:19:30+00:00,31007.0,2,"aa-44-16-29,aa-44-16-33",aa-44-16-33,2025-08-27 15:32:30+00:00,"{""aa-44-16-29"": 2, ""aa-44-16-33"": 1}"
5,2025-08-28 04:46:00+00:00,2025-08-28 09:54:00+00:00,308.0,1,aa-44-16-33,aa-44-16-33,2025-08-28 04:46:00+00:00,"{""aa-44-16-33"": 1}"
11,2025-08-28 06:56:30+00:00,2025-08-28 11:21:00+00:00,264.5,1,aa-44-12-15,aa-44-12-15,2025-08-28 06:56:30+00:00,"{""aa-44-12-15"": 1}"
6,2025-08-28 10:13:30+00:00,2025-08-29 00:21:30+00:00,848.0,1,aa-44-16-33,aa-44-16-33,2025-08-28 10:13:30+00:00,"{""aa-44-16-33"": 2}"
12,2025-08-29 00:03:30+00:00,2025-08-29 00:17:30+00:00,14.0,1,aa-44-12-15,aa-44-12-15,2025-08-29 00:03:30+00:00,"{""aa-44-12-15"": 1}"
15,2025-08-31 02:58:30+00:00,2025-09-12 00:52:00+00:00,17153.5,1,aa-44-13-97,aa-44-13-97,2025-08-31 02:58:30+00:00,"{""aa-44-13-97"": 2}"
7,2025-08-31 03:05:30+00:00,2025-09-02 06:19:00+00:00,3073.5,1,aa-44-16-33,aa-44-16-33,2025-08-31 03:05:30+00:00,"{""aa-44-16-33"": 2}"
1,2025-08-31 03:47:00+00:00,2025-08-31 18:22:00+00:00,875.0,1,aa-44-16-29,aa-44-16-29,2025-08-31 03:47:00+00:00,"{""aa-44-16-29"": 1}"
2,2025-09-02 01:51:30+00:00,2025-09-07 09:59:00+00:00,7687.5,1,aa-44-16-29,aa-44-16-29,2025-09-02 01:51:30+00:00,"{""aa-44-16-29"": 3}"
13,2025-09-02 06:24:00+00:00,2025-09-04 20:23:30+00:00,3719.5,1,aa-44-12-15,aa-44-12-15,2025-09-02 06:24:00+00:00,"{""aa-44-12-15"": 2}"
17,2025-09-02 21:13:00+00:00,2025-09-17 00:29:30+00:00,20356.5,2,"aa-44-13-97,aa-44-17-41",aa-44-17-41,2025-09-02 21:13:00+00:00,"{""aa-44-13-97"": 1, ""aa-44-17-41"": 1}"
8,2025-09-02 21:26:00+00:00,2025-09-05 08:16:30+00:00,3530.5,1,aa-44-16-33,aa-44-16-33,2025-09-02 21:26:00+00:00,"{""aa-44-16-33"": 3}"
18,2025-09-03 00:29:30+00:00,2025-09-03 03:01:00+00:00,151.5,1,aa-44-17-41,aa-44-17-41,2025-09-03 00:29:30+00:00,"{""aa-44-17-41"": 1}"
19,2025-09-06 10:21:30+00:00,2025-09-08 12:31:00+00:00,3009.5,1,aa-44-17-41,aa-44-17-41,2025-09-06 10:21:30+00:00,"{""aa-44-17-41"": 2}"
3,2025-09-07 23:01:00+00:00,2025-09-13 10:28:30+00:00,7887.5,1,aa-44-16-29,aa-44-16-29,2025-09-07 23:01:00+00:00,"{""aa-44-16-29"": 2}"
20,2025-09-09 15:45:30+00:00,2025-09-09 17:10:00+00:00,84.5,1,aa-44-17-41,aa-44-17-41,2025-09-09 15:45:30+00:00,"{""aa-44-17-41"": 1}"
16,2025-09-12 00:55:00+00:00,2025-09-16 12:12:30+00:00,6437.5,1,aa-44-13-97,aa-44-13-97,2025-09-12 00:55:00+00:00,"{""aa-44-13-97"": 2}"
14,2025-09-13 07:34:00+00:00,2025-09-13 10:31:00+00:00,177.0,1,aa-44-12-15,aa-44-12-15,2025-09-13 07:34:00+00:00,"{""aa-44-12-15"": 1}"
21,2025-09-13 11:45:30+00:00,2025-09-13 12:16:00+00:00,30.5,1,aa-44-17-41,aa-44-17-41,2025-09-13 11:45:30+00:00,"{""aa-44-17-41"": 1}"
22,2025-09-13 12:31:30+00:00,2025-09-14 07:59:00+00:00,1167.5,1,aa-44-17-41,aa-44-17-41,2025-09-13 12:31:30+00:00,"{""aa-44-17-41"": 2}"
9,2025-09-14 22:00:00+00:00,2025-09-15 02:28:30+00:00,268.5,1,aa-44-16-33,aa-44-16-33,2025-09-14 22:00:00+00:00,"{""aa-44-16-33"": 1}"
23,2025-09-15 00:26:00+00:00,2025-09-15 03:23:00+00:00,177.0,1,aa-44-17-41,aa-44-17-41,2025-09-15 00:26:00+00:00,"{""aa-44-17-41"": 1}"
24,2025-09-15 10:21:00+00:00,2025-09-15 10:43:30+00:00,22.5,1,aa-44-17-41,aa-44-17-41,2025-09-15 10:21:00+00:00,"{""aa-44-17-41"": 1}"
10,2025-09-15 14:46:30+00:00,2025-09-15 20:29:00+00:00,342.5,1,aa-44-16-33,aa-44-16-33,2025-09-15 14:46:30+00:00,"{""aa-44-16-33"": 1}"
25,2025-09-15 15:13:00+00:00,2025-09-15 18:03:00+00:00,170.0,1,aa-44-17-41,aa-44-17-41,2025-09-15 15:13:00+00:00,"{""aa-44-17-41"": 1}"
26,2025-09-16 06:22:00+00:00,2025-09-18 04:30:30+00:00,2768.5,1,aa-44-17-41,aa-44-17-41,2025-09-16 06:22:00+00:00,"{""aa-44-17-41"": 2}"
