event_id,t_start,t_end,duration_min,stations_involved,Z_peak,slopeZ_peak,pmratio_delta_med,veto_rh,veto_sync,score,level,x0,y0,t_src_min,c_km_per_min,loc_cost
1,2025-08-27 17:26:00+00:00,2025-08-27 17:27:30+00:00,1.5,aa-44-16-33,9.61807843108401,1.8347396127094362,0.023686120026439328,False,False,0.5196263317649623,Level-1,36.349988155035724,63.804101616364406,-9.999999999999998,4.999999999999999,9687015.711348567
2,2025-08-28 05:15:00+00:00,2025-08-28 05:16:30+00:00,1.5,aa-44-16-33,7.319956287896031,5.211866531471828,0.059624779076450474,False,False,0.566016983968966,Level-1,36.345684650600404,63.804101616364406,-9.999999999999998,4.999999999999999,9688147.239039434
3,2025-08-28 06:30:30+00:00,2025-08-28 06:32:00+00:00,1.5,aa-44-16-33,115.32606212688161,3.894168253191031,0.03326236513571379,False,False,0.7483429475037117,Level-2,36.34568457491089,63.804101616364406,-9.999999999999998,4.999999999999999,9690434.556053147
4,2025-08-28 06:40:00+00:00,2025-08-28 06:44:00+00:00,4.0,aa-44-16-33,83.6182584982267,18.627119926317132,0.06119141869677025,False,False,0.9811714519485875,Level-2,36.34998822853472,63.804101616364406,-9.999999999999998,4.999999999999999,9690449.092839902
5,2025-08-28 06:53:30+00:00,2025-08-28 06:56:00+00:00,2.5,aa-44-16-33,36.16260638058976,23.139519793668764,0.046481029643178906,False,False,0.9913889130458492,Level-2,36.34568465145803,63.804101616364406,-9.999999999999998,4.999999999999999,9677942.540146885
6,2025-08-28 09:23:30+00:00,2025-08-28 09:25:00+00:00,1.5,aa-44-16-33,18.407140013433732,1011661.8075801611,-0.004750751555739785,False,False,0.970518179604256,Level-2,36.345684650567534,63.804101616364406,-9.999999999999998,4.999999999999999,9689315.924236998
7,2025-08-28 09:39:00+00:00,2025-08-28 09:40:30+00:00,1.5,aa-44-16-33,17.73764149189579,309587.49585970223,-0.03629538962558143,False,False,0.9664123104613619,Level-2,36.345684576110145,63.804101616364406,-9.999999999999998,4.999999999999999,9685884.821678126
8,2025-08-28 22:36:00+00:00,2025-08-28 22:37:30+00:00,1.5,aa-87-15-02,-11.38542815081565,9.720632892238493,0.06295096316493877,False,False,0.0,Level-1,36.34998815633262,63.804101616364406,-9.999999999999998,4.999999999999999,9687581.204798905
9,2025-08-28 23:59:30+00:00,2025-08-29 00:09:00+00:00,9.5,aa-44-16-33,71.91414782741045,29.023927353141346,0.09006962191862622,False,False,0.9975960798860902,Level-2,36.34568457430162,63.804101616364406,-9.999999999999998,4.999999999999999,9670064.329510372
10,2025-08-29 00:10:30+00:00,2025-08-29 00:12:00+00:00,1.5,aa-44-16-33,67.9888656435839,4.482849450915583,0.0858623828339613,False,False,0.7681937915155059,Level-2,36.3456845763745,63.804101616364406,-9.999999999999998,4.999999999999999,9684187.18523633
11,2025-08-29 01:31:30+00:00,2025-08-29 01:33:00+00:00,1.5,aa-87-15-02,1.8550544362151529,5.6325675316447485,0.032894927107414665,False,False,0.31419979040124824,Level-1,36.34998815515802,63.804101616364406,-9.999999999999998,4.999999999999999,9685884.178195223
12,2025-08-29 05:10:30+00:00,2025-08-29 05:12:00+00:00,1.5,aa-44-16-29,18.146623070533874,39.01030051291025,0.5587346418111947,False,False,0.9686551330546118,Level-2,36.3456845749684,63.804101616364406,-9.999999999999998,4.999999999999999,9687053.669599365
13,2025-08-30 18:22:30+00:00,2025-08-30 18:24:00+00:00,1.5,aa-87-15-02,-29.356927987638972,3.595353904860518,0.019323484274353514,False,False,0.0,Level-1,36.34568465101313,63.804101616364406,-9.999999999999998,4.999999999999999,9685883.863697508
14,2025-08-30 21:00:00+00:00,2025-08-30 21:01:30+00:00,1.5,aa-44-16-33,14.456924460432079,13.763148779883398,0.12291163963672347,False,False,0.888952054950319,Level-2,36.349988155702455,63.804101616364406,-9.999999999999998,4.999999999999999,9688738.011180507
15,2025-08-30 21:04:00+00:00,2025-08-30 21:05:30+00:00,1.5,aa-44-16-33,21.683437901105027,7.5259847941607045,0.08361074597998552,False,False,0.8391855517921787,Level-2,36.34568457465509,63.804101616364406,-9.999999999999998,4.999999999999999,9683055.520658504
16,2025-08-31 02:03:30+00:00,2025-08-31 02:05:00+00:00,1.5,aa-44-16-29,6.2213809254819665,4.467280813063002,0.10773200832253804,False,False,0.4992512731384663,Level-1,36.345684574994934,63.804101616364406,-9.999999999999998,4.999999999999999,9684765.091821115
17,2025-08-31 12:58:30+00:00,2025-08-31 13:00:30+00:00,2.0,aa-44-16-33,25.309301065737724,2.2738164737471216,-0.00036363982109721693,False,False,0.6818642382863969,Level-2,36.34568465110922,63.804101616364406,-9.999999999999998,4.999999999999999,9680781.505657023
18,2025-09-01 23:59:30+00:00,2025-09-02 00:01:30+00:00,2.0,aa-87-15-02,-8.198385242076334,5.0343626212935995,0.057818029847951063,False,False,0.0,Level-1,36.349988155523526,63.804101616364406,-9.999999999999998,4.999999999999999,9681913.20819569
19,2025-09-04 02:17:00+00:00,2025-09-04 02:18:30+00:00,1.5,aa-87-15-02,-0.5924655005720522,3.2211304520622632,0.023053784097503735,False,False,0.08906012321287984,Level-1,36.34568465057647,63.804101616364406,-9.999999999999998,4.999999999999999,9692145.105133919
20,2025-09-04 10:38:30+00:00,2025-09-04 10:41:00+00:00,2.5,aa-44-16-29,10.544788636633708,2.539358668356687,0.058362686015950405,False,False,0.5695708758415279,Level-1,36.34998815507608,63.804101616364406,-9.999999999999998,4.999999999999999,9685922.649370763
21,2025-09-07 06:57:30+00:00,2025-09-07 06:59:00+00:00,1.5,aa-87-15-02,-0.4159967444592705,3.4648468407817967,0.005958484127662034,False,False,0.10835630459676807,Level-1,36.345684650723754,63.804101616364406,-9.999999999999998,4.999999999999999,9691013.54159765
22,2025-09-10 15:11:30+00:00,2025-09-10 15:14:30+00:00,3.0,aa-44-16-29,3946179.4183067856,948318.2324778099,0.158033467359733,False,False,1.0,Level-2,36.345684574674905,63.804101616364406,-9.999999999999998,4.999999999999999,9683664.950643158
23,2025-09-11 04:30:00+00:00,2025-09-11 04:31:30+00:00,1.5,aa-87-15-02,-0.513477562006666,14.334763448010419,0.038011987749776044,False,False,0.32616911613730803,Level-1,36.34568465076702,63.804101616364406,-9.999999999999998,4.999999999999999,9689882.421483286
24,2025-09-12 06:04:30+00:00,2025-09-12 06:06:00+00:00,1.5,aa-87-15-02,-0.5692224777661715,2.394760207049446,0.018802563695665325,False,False,0.059883798098878796,Level-1,36.345684573027626,63.804101616364406,-9.999999999999998,4.999999999999999,9688750.46233571
25,2025-09-13 06:50:30+00:00,2025-09-13 06:52:00+00:00,1.5,aa-44-16-33,10.053183304462284,5.004096208903966,0.0945248730806324,False,False,0.6432669089068215,Level-2,36.34568457357144,63.804101616364406,-9.999999999999998,4.999999999999999,9688184.205161024
26,2025-09-13 07:01:30+00:00,2025-09-13 07:03:00+00:00,1.5,aa-44-16-29,13.393148815154765,3.8234378205316055,0.1207110251708674,False,False,0.6688010259101606,Level-2,36.34568457331583,63.804101616364406,-9.999999999999998,4.999999999999999,9690447.01337755
27,2025-09-13 17:48:00+00:00,2025-09-13 17:50:00+00:00,2.0,aa-87-15-02,-0.7313549459730585,5.770592282875727,0.1081370250508632,False,False,0.1644066661784349,Level-1,36.345684575081606,63.804101616364406,-9.999999999999998,4.999999999999999,9687054.829628224
