start,end,peak_PM1,peak_R,score,level,z1_peak,d5_peak,R_peak,dur_min
2025-08-27 15:32:30+00:00,2025-08-27 20:29:30+00:00,13.768923266700122,0.9109182602840278,0.993,Confirmed Fire,7.478,3.471,0.911,297.0
2025-08-28 04:46:00+00:00,2025-08-28 09:54:00+00:00,87.99726344183054,0.9656393463279869,0.995,Confirmed Fire,162.163,72.693,0.966,308.0
2025-08-28 10:13:30+00:00,2025-08-28 11:07:30+00:00,12.591590944037595,0.936242244980633,0.955,Confirmed Fire,2.527,4.787,0.936,54.0
2025-08-29 00:01:00+00:00,2025-08-29 00:21:30+00:00,88.28788199691944,0.9463629036440324,0.95,Confirmed Fire,30.018,52.57,0.946,20.5
2025-08-31 03:05:30+00:00,2025-08-31 18:16:30+00:00,30.75780949370086,0.9286098041795626,1.0,Confirmed Fire,35.444,4.467,0.929,911.0
2025-09-02 05:51:30+00:00,2025-09-02 06:19:00+00:00,10.219950986710929,0.8978621749281872,0.951,Confirmed Fire,6.783,1.488,0.898,27.5
2025-09-02 21:26:00+00:00,2025-09-02 23:11:00+00:00,16.51485720610946,0.9133453022343091,0.963,Confirmed Fire,8.583,3.363,0.913,105.0
2025-09-03 00:23:30+00:00,2025-09-03 02:18:00+00:00,19.478933500382738,0.9191172229082384,0.965,Confirmed Fire,4.663,4.844,0.919,114.5
2025-09-05 08:13:00+00:00,2025-09-05 08:16:30+00:00,11.172321398321026,0.890410973924965,0.95,Confirmed Fire,5.56,5.105,0.89,3.5
2025-09-14 22:00:00+00:00,2025-09-15 02:28:30+00:00,16.51284420935488,0.9383975336366959,0.989,Confirmed Fire,7.395,4.947,0.938,268.5
2025-09-15 14:46:30+00:00,2025-09-15 20:29:00+00:00,13.621401209492987,0.9006562287596813,1.0,Confirmed Fire,6.806,2.959,0.901,342.5
