start,end,if_score_median,if_score_peak,PM1_peak,R_peak,dur_min
2025-08-27 15:01:30+00:00,2025-08-28 12:15:30+00:00,1.0,1.0,16.732227498043574,0.9498151834030543,1274.0
2025-08-28 12:19:00+00:00,2025-08-28 12:21:30+00:00,0.8937492687237425,1.0,5.715950387283518,0.8585223448379806,2.5
2025-08-28 12:25:30+00:00,2025-08-28 12:31:30+00:00,0.9419043392115048,1.0,5.812506954828283,0.8452974973200371,6.0
2025-08-28 12:42:30+00:00,2025-08-28 12:48:30+00:00,0.9757419986346997,1.0,6.037518971139115,0.852810283365024,6.0
2025-08-28 12:53:00+00:00,2025-08-28 13:00:30+00:00,0.8689207638536129,1.0,6.857113462373092,0.8627366510633776,7.5
2025-08-28 13:04:30+00:00,2025-08-28 13:07:00+00:00,0.8618695140500163,1.0,5.803620733728474,0.8715036512012913,2.5
2025-08-28 13:13:30+00:00,2025-08-28 13:23:00+00:00,0.9936465673649172,1.0,6.536333309642405,0.8575710872466291,9.5
2025-08-28 13:40:30+00:00,2025-08-28 13:45:00+00:00,0.7834139290385786,1.0,5.4088942183792375,0.7952974551672217,4.5
2025-08-28 13:50:00+00:00,2025-08-28 13:54:30+00:00,0.8481991117471803,1.0,5.737409095345164,0.8682791929006649,4.5
2025-08-28 13:58:30+00:00,2025-08-28 14:01:30+00:00,0.9171723257936898,1.0,5.966626622155411,0.8759147973872137,3.0
2025-08-28 14:09:00+00:00,2025-08-28 14:18:00+00:00,0.9203424670742684,1.0,6.197199966354708,0.8820698535818182,9.0
2025-08-28 14:21:30+00:00,2025-08-28 14:36:30+00:00,0.8474087589939605,1.0,6.59169890675842,0.9082299587145588,15.0
2025-08-28 14:39:00+00:00,2025-08-28 14:39:00+00:00,0.7625112548206229,0.7625112548206229,4.4261102087373745,0.7991097758596519,0.0
2025-08-28 14:54:00+00:00,2025-08-28 15:00:30+00:00,0.9670777833128976,1.0,5.9912589599449175,0.8190641067265371,6.5
2025-08-28 15:04:00+00:00,2025-08-28 16:58:00+00:00,0.9763857903672533,1.0,7.453075493196883,0.9303636509287396,114.0
2025-08-28 17:02:30+00:00,2025-08-28 17:06:30+00:00,0.933454961437112,1.0,6.209166095002945,0.8503942208975811,4.0
2025-08-28 17:28:00+00:00,2025-08-28 17:30:00+00:00,0.9568741150621909,1.0,5.745772301796067,0.8503950527487748,2.0
2025-08-28 17:42:30+00:00,2025-08-28 17:59:00+00:00,0.823028522475195,1.0,6.108332320849474,0.9524469919795547,16.5
2025-08-28 18:04:00+00:00,2025-08-28 18:06:30+00:00,0.7774734609527693,1.0,6.079282461685213,0.862205353721134,2.5
2025-08-28 18:16:30+00:00,2025-08-28 18:45:00+00:00,0.9193521181292152,1.0,7.893119761586363,0.9288728320051629,28.5
2025-08-28 18:50:30+00:00,2025-08-28 18:59:30+00:00,0.9191422600519035,1.0,6.568642362452046,0.9051903814822049,9.0
2025-08-28 19:05:30+00:00,2025-08-28 19:07:30+00:00,0.7912966665248652,0.9251158600230713,5.932688424917109,0.7443934383093381,2.0
2025-08-28 19:19:00+00:00,2025-08-28 19:21:00+00:00,0.779866815863873,0.8719306113192297,5.628161396768035,0.8940138125093087,2.0
2025-08-28 19:28:00+00:00,2025-08-28 23:38:30+00:00,1.0,1.0,11.817987989643253,0.9548857815659609,250.5
2025-08-28 23:43:00+00:00,2025-08-28 23:46:30+00:00,0.9741171081413874,1.0,5.687932331779579,0.7535737238616778,3.5
2025-08-29 00:08:00+00:00,2025-08-29 00:08:00+00:00,0.7614437333568571,0.7614437333568571,3.1842066218510494,0.7544254779603068,0.0
2025-08-29 00:20:00+00:00,2025-08-29 00:25:30+00:00,0.8697052212986534,1.0,4.9624400105966,0.8534014660637028,5.5
2025-08-29 00:28:00+00:00,2025-08-29 00:29:00+00:00,1.0,1.0,4.866861729616205,0.738318480403704,1.0
2025-08-29 00:32:30+00:00,2025-08-29 00:34:00+00:00,0.8744295749155652,0.9005858772097067,4.869984009500232,0.7955457928740219,1.5
2025-08-29 00:40:00+00:00,2025-08-29 00:40:30+00:00,0.966218970564285,1.0,4.756776417059009,0.9261730869300435,0.5
2025-08-29 00:43:00+00:00,2025-08-29 00:45:00+00:00,0.6545549827988132,0.853985747121881,4.39524459635481,0.831398155650848,2.0
2025-08-29 00:56:30+00:00,2025-08-29 01:01:30+00:00,1.0,1.0,19.208384477524916,0.8587139626763401,5.0
2025-08-29 01:05:30+00:00,2025-08-29 01:09:00+00:00,1.0,1.0,18.438562616126998,0.8879198456934237,3.5
2025-08-29 01:15:00+00:00,2025-08-29 01:20:30+00:00,1.0,1.0,50.94172325647741,0.8766918581619234,5.5
2025-08-29 01:43:30+00:00,2025-08-29 01:48:30+00:00,1.0,1.0,38.50023891425464,0.8807785484946355,5.0
2025-08-29 01:55:00+00:00,2025-08-29 01:57:00+00:00,1.0,1.0,10.135640239813137,0.865627458314268,2.0
2025-08-29 02:07:30+00:00,2025-08-29 02:09:00+00:00,0.9828869498748178,1.0,5.699825706793386,0.7393495594231848,1.5
2025-08-29 02:22:30+00:00,2025-08-29 02:28:00+00:00,1.0,1.0,45.86255462598794,0.8529733629805764,5.5
2025-08-29 03:00:00+00:00,2025-08-29 03:04:00+00:00,1.0,1.0,22.3284958745151,0.8634850766245273,4.0
2025-08-29 04:01:30+00:00,2025-08-29 04:05:00+00:00,0.8442550453968152,0.8478243788545624,0.1429573410420343,0.1554012099372185,3.5
2025-08-29 04:43:00+00:00,2025-08-29 04:45:30+00:00,0.8567676041676582,0.8700375694635994,0.04001997099950109,0.03783828052467676,2.5
2025-08-29 05:10:00+00:00,2025-08-29 05:22:00+00:00,1.0,1.0,23.28324367310015,0.8747141076888222,12.0
2025-08-29 12:22:00+00:00,2025-08-29 12:31:00+00:00,0.9462078346550679,1.0,6.961123036747261,0.8665854566295499,9.0
2025-08-29 12:33:30+00:00,2025-08-29 12:35:00+00:00,0.9888378080013792,1.0,5.9867238358377595,0.6796760736192636,1.5
2025-08-29 14:36:00+00:00,2025-08-29 14:39:30+00:00,0.82389542684367,1.0,5.507177547959951,0.8181741311549268,3.5
2025-08-29 15:09:00+00:00,2025-08-29 15:09:00+00:00,1.0,1.0,4.75162570752334,0.8271011197191028,0.0
2025-08-29 15:31:30+00:00,2025-08-29 15:37:00+00:00,0.8398923775378168,1.0,5.711385949726275,0.8070849755029582,5.5
2025-08-29 15:41:00+00:00,2025-08-29 15:52:00+00:00,0.8198688213429914,1.0,6.281656897620524,0.8962441057497762,11.0
2025-08-29 15:57:00+00:00,2025-08-29 16:00:00+00:00,0.6581090930699987,0.7530779439244284,5.3572447940531704,0.8349712476661747,3.0
2025-08-29 16:04:00+00:00,2025-08-29 16:04:30+00:00,1.0,1.0,5.1293062090073995,0.8377861498078127,0.5
2025-08-29 16:11:30+00:00,2025-08-29 16:12:00+00:00,1.0,1.0,5.362486284983402,0.8113298190805224,0.5
2025-08-29 16:18:30+00:00,2025-08-29 16:20:00+00:00,0.8517348775432452,0.9481828151655707,6.024587229087025,0.7790774830094622,1.5
2025-08-29 16:27:00+00:00,2025-08-29 16:27:00+00:00,1.0,1.0,4.778571825560112,0.7510383921531324,0.0
2025-08-29 16:30:30+00:00,2025-08-29 16:53:30+00:00,0.8337336427039999,1.0,6.274873772048066,0.890925917457687,23.0
2025-08-29 17:16:30+00:00,2025-08-29 17:18:30+00:00,0.8406610240386762,0.8746469880357405,5.530509007295955,0.8288401914797131,2.0
2025-08-29 17:30:30+00:00,2025-08-29 17:33:00+00:00,0.8006891625937866,0.9315758011240028,5.433030969996652,0.7888584855129909,2.5
2025-08-29 17:51:00+00:00,2025-08-29 17:53:30+00:00,0.7359933933603954,0.9641050899248066,5.35515538630371,0.7844092688879722,2.5
2025-08-29 18:11:00+00:00,2025-08-29 18:11:30+00:00,0.8389511851808864,0.9758659775266298,4.340939895048994,0.8310131943714427,0.5
2025-08-29 18:30:30+00:00,2025-08-29 18:31:30+00:00,0.9063510522667864,0.9930908704929369,5.80430244865667,0.774679398441655,1.0
2025-08-30 11:25:00+00:00,2025-08-30 11:27:30+00:00,1.0,1.0,7.346487936790435,0.9070116528170669,2.5
2025-08-30 14:10:30+00:00,2025-08-30 14:11:00+00:00,0.711846395726579,0.7713395137199983,4.907057527614649,0.7438934316471923,0.5
2025-08-30 14:18:30+00:00,2025-08-30 14:23:00+00:00,0.8225008321957562,1.0,5.389333340532451,0.8466093057643692,4.5
2025-08-30 14:39:00+00:00,2025-08-30 14:42:00+00:00,0.9160239668229974,1.0,5.38620698454375,0.7951244801439219,3.0
2025-08-30 15:01:30+00:00,2025-08-30 15:03:00+00:00,0.8998738155964864,0.9494296167701863,5.546711903401336,0.8517857886555233,1.5
2025-08-30 15:14:00+00:00,2025-08-30 15:18:00+00:00,0.8183548370672674,0.9357771071831937,5.806685897095614,0.8853408997975185,4.0
2025-08-30 15:44:00+00:00,2025-08-30 15:59:30+00:00,0.9103971656707663,1.0,6.611045038312942,0.9134730043931905,15.5
2025-08-30 16:02:30+00:00,2025-08-30 16:07:00+00:00,1.0,1.0,6.4548356038782435,0.8421944964792808,4.5
2025-08-30 16:10:30+00:00,2025-08-30 16:13:00+00:00,0.8833123789749865,1.0,5.701815975191124,0.8281139895849093,2.5
2025-08-30 16:17:30+00:00,2025-08-30 16:19:30+00:00,1.0,1.0,6.558154332474374,0.8825735492462048,2.0
2025-08-30 16:24:30+00:00,2025-08-30 17:41:00+00:00,0.88825623474975,1.0,7.2478686157503835,0.9106207249165351,76.5
2025-08-30 17:43:30+00:00,2025-08-30 17:59:30+00:00,0.953923713599255,1.0,7.028774277933295,0.9085754237054614,16.0
2025-08-30 18:08:30+00:00,2025-08-30 18:10:00+00:00,0.8871178934460516,1.0,5.862595779550359,0.8327683674150232,1.5
2025-08-30 18:13:00+00:00,2025-08-30 18:13:30+00:00,0.7042488908408404,0.839492488587486,4.813400011105186,0.7964631983158704,0.5
2025-08-30 18:19:00+00:00,2025-08-30 18:21:00+00:00,0.8035585357185102,1.0,5.559062303362014,0.8392780760480915,2.0
2025-08-30 18:23:30+00:00,2025-08-30 18:25:30+00:00,0.807397499582923,1.0,6.269979039575173,0.8570342887345792,2.0
2025-08-30 18:31:30+00:00,2025-08-30 18:32:00+00:00,0.8050586600047249,0.811534399255707,5.478229428428678,0.8840960579303391,0.5
2025-08-30 18:42:00+00:00,2025-08-30 18:49:30+00:00,0.7681753824451688,1.0,6.00213583225757,0.8621689257430447,7.5
2025-08-30 18:52:00+00:00,2025-08-30 18:53:00+00:00,0.7535015737224082,0.7982583294548478,5.409122561502056,0.8255067126773317,1.0
2025-08-30 18:57:30+00:00,2025-08-30 19:03:30+00:00,0.9547525548583681,1.0,6.311664315408111,0.8347526000143302,6.0
2025-08-30 19:09:30+00:00,2025-08-30 19:10:00+00:00,0.6649992858882224,0.7713006662937155,5.164013134551449,0.8037224656641491,0.5
2025-08-30 19:15:00+00:00,2025-08-30 19:23:30+00:00,0.8558221891125533,1.0,6.030123812386065,0.8921861778917572,8.5
2025-08-30 19:33:30+00:00,2025-08-30 19:43:30+00:00,1.0,1.0,6.6562860372367805,0.8858579522581455,10.0
2025-08-30 19:50:30+00:00,2025-08-30 20:09:00+00:00,0.8204301894258025,1.0,6.634218777137256,0.9121464387601094,18.5
2025-08-30 20:12:30+00:00,2025-08-30 20:20:00+00:00,0.9433625812664815,1.0,6.73788959803039,0.8725959566823966,7.5
2025-08-30 20:24:00+00:00,2025-08-30 20:54:30+00:00,0.8404036148430327,1.0,6.874079729472546,0.9447727981407285,30.5
2025-08-30 21:00:30+00:00,2025-08-30 21:13:30+00:00,0.8790183520386653,1.0,7.399994210213823,0.8895981529838864,13.0
2025-08-30 21:24:00+00:00,2025-08-30 21:29:00+00:00,0.7983294699990173,0.9462259249437861,6.271943940814273,0.8762846692850274,5.0
2025-08-30 21:37:30+00:00,2025-08-30 21:45:30+00:00,0.752495510959464,1.0,6.427669435787098,0.9104596723331304,8.0
2025-08-30 21:52:30+00:00,2025-08-30 21:55:30+00:00,1.0,1.0,6.754167771789779,0.8594131323440188,3.0
2025-08-30 22:03:30+00:00,2025-08-30 22:06:00+00:00,0.6658261674529241,0.821653486620404,5.697633980441906,0.8731122625481509,2.5
2025-08-30 22:09:00+00:00,2025-08-30 22:11:00+00:00,0.8030850476127677,1.0,5.803664112374076,0.8571263023424087,2.0
2025-08-31 00:21:00+00:00,2025-08-31 00:21:30+00:00,0.6939224522121131,0.8266425644743255,3.5316800927139735,0.7189617539475655,0.5
2025-08-31 01:28:00+00:00,2025-08-31 01:32:30+00:00,0.9337923394523291,1.0,5.268871564431463,0.922581554714438,4.5
2025-08-31 01:37:30+00:00,2025-08-31 22:35:30+00:00,1.0,1.0,38.060385650696645,0.9414334382623573,1258.0
2025-08-31 22:38:00+00:00,2025-08-31 22:38:30+00:00,1.0,1.0,5.058813146008669,0.7343720365403873,0.5
2025-08-31 23:13:00+00:00,2025-08-31 23:14:30+00:00,0.8362096217399203,1.0,5.448757033118457,0.8482949604692851,1.5
2025-08-31 23:24:30+00:00,2025-08-31 23:25:30+00:00,0.9113461199368503,0.9961595163410215,5.046286264678205,0.8325132351274696,1.0
2025-09-01 07:32:00+00:00,2025-09-01 07:33:00+00:00,0.8227534926518739,0.8907883107084213,5.104175098488224,0.769124757200708,1.0
2025-09-01 07:38:30+00:00,2025-09-01 07:42:30+00:00,0.9116430590739792,1.0,5.774169749092653,0.8105262220838344,4.0
2025-09-01 08:03:30+00:00,2025-09-01 08:05:30+00:00,0.947677586552119,1.0,5.467223024435181,0.8061435747302642,2.0
2025-09-01 08:43:00+00:00,2025-09-01 08:44:30+00:00,0.7072388486872461,0.9269301776480139,5.3749145051093405,0.8579646277550329,1.5
2025-09-01 09:00:00+00:00,2025-09-01 09:22:30+00:00,1.0,1.0,7.062598741887883,0.9123817661309414,22.5
2025-09-01 09:25:30+00:00,2025-09-01 10:01:30+00:00,0.922640997098403,1.0,6.81903471042968,0.8944379019515334,36.0
2025-09-01 10:05:00+00:00,2025-09-01 10:18:30+00:00,1.0,1.0,12.266016420703172,0.875354608899258,13.5
2025-09-01 11:25:00+00:00,2025-09-01 11:41:00+00:00,0.892139523313073,1.0,6.394951070106068,0.8554590568638186,16.0
2025-09-01 14:04:30+00:00,2025-09-01 14:06:30+00:00,0.9067970491378637,0.9595788696389864,5.27597597724959,0.7464405736849263,2.0
2025-09-01 21:46:30+00:00,2025-09-01 21:48:30+00:00,0.879071477071282,0.9966105200316077,5.957404014830216,0.8376053605105273,2.0
2025-09-01 21:53:00+00:00,2025-09-03 20:00:30+00:00,1.0,1.0,20.21651276234794,0.9538183565453054,2767.5
2025-09-03 20:07:00+00:00,2025-09-03 20:25:30+00:00,0.841089153503494,1.0,7.3135098832476295,0.8914190311907891,18.5
2025-09-03 20:38:00+00:00,2025-09-03 20:40:30+00:00,0.7343084327240468,0.8830450466988143,5.8693112737998545,0.7828281944212792,2.5
2025-09-03 20:46:30+00:00,2025-09-03 20:46:30+00:00,0.877720710108184,0.877720710108184,4.286376390916937,0.7122627096442199,0.0
2025-09-03 20:54:30+00:00,2025-09-03 20:56:30+00:00,0.7941695551463549,0.8585101611717921,5.627093157033318,0.767064587268517,2.0
2025-09-04 01:13:30+00:00,2025-09-04 01:15:30+00:00,0.9013815765739603,1.0,4.658200609941509,0.7571397890556889,2.0
2025-09-04 08:23:30+00:00,2025-09-04 08:23:30+00:00,0.7012904389070534,0.7012904389070534,4.683762090770128,0.684790986745454,0.0
2025-09-04 08:42:30+00:00,2025-09-04 08:44:00+00:00,0.6275031062585766,0.7304470226141808,5.0974055247365735,0.8311770122158932,1.5
2025-09-04 08:51:30+00:00,2025-09-04 08:53:30+00:00,0.729912496047903,0.8089855801588156,5.1842634920353845,0.818553428078416,2.0
2025-09-04 09:05:30+00:00,2025-09-04 11:22:30+00:00,1.0,1.0,14.28575564783542,0.9243855941044304,137.0
2025-09-04 21:21:30+00:00,2025-09-04 21:21:30+00:00,0.8516631864882969,0.8516631864882969,3.619253230654078,0.7671291949533193,0.0
2025-09-05 03:58:00+00:00,2025-09-05 03:58:00+00:00,0.7565928494686038,0.7565928494686038,3.2076230240765806,0.6714431450738104,0.0
2025-09-05 05:31:30+00:00,2025-09-05 05:36:30+00:00,0.8167135080384053,1.0,5.210150336933967,0.8642009137871031,5.0
2025-09-05 05:50:00+00:00,2025-09-05 05:50:00+00:00,0.8575584742635596,0.8575584742635596,4.088846195151368,0.8188176053625816,0.0
2025-09-05 05:56:00+00:00,2025-09-05 05:58:30+00:00,0.9046394066975508,0.9944325685043423,5.057779787854944,0.8454480354253289,2.5
2025-09-05 06:14:30+00:00,2025-09-05 06:22:30+00:00,0.7769633869087881,1.0,5.528232201717463,0.9523819190243793,8.0
2025-09-05 06:25:30+00:00,2025-09-05 06:46:00+00:00,0.8604283608703454,1.0,5.975206787808536,0.8952275768552622,20.5
2025-09-05 06:49:00+00:00,2025-09-05 06:57:00+00:00,0.77452869192457,1.0,5.567724169032736,0.8184814532093391,8.0
2025-09-05 06:59:30+00:00,2025-09-05 07:06:00+00:00,1.0,1.0,6.482057021681238,0.810145467869843,6.5
2025-09-05 07:08:30+00:00,2025-09-05 07:59:30+00:00,0.9449285998888747,1.0,7.169022964296668,0.8831662933893883,51.0
2025-09-05 08:06:30+00:00,2025-09-05 09:24:00+00:00,1.0,1.0,8.201046848733892,0.9195699868789641,77.5
2025-09-05 09:30:00+00:00,2025-09-05 13:53:30+00:00,1.0,1.0,11.150108875548547,0.9394493402593194,263.5
2025-09-05 13:56:00+00:00,2025-09-06 00:23:00+00:00,1.0,1.0,12.547055646897604,0.9415888604202395,627.0
2025-09-06 00:29:30+00:00,2025-09-06 00:32:30+00:00,0.8947002281506298,1.0,5.1799327874029135,0.8447953238786333,3.0
2025-09-06 00:37:00+00:00,2025-09-06 00:39:00+00:00,0.799057655009943,0.863432551533544,4.833462341354546,0.8636693481700692,2.0
2025-09-06 04:24:30+00:00,2025-09-06 04:25:00+00:00,0.7973046793564971,0.957900961273817,3.9427394394725086,0.8237932329316853,0.5
2025-09-06 04:37:00+00:00,2025-09-06 04:38:00+00:00,1.0,1.0,5.35259065510623,0.7453058479968255,1.0
2025-09-06 05:51:00+00:00,2025-09-06 05:51:00+00:00,0.9119122329418302,0.9119122329418302,3.851374780794857,0.8444688470901937,0.0
2025-09-06 06:23:00+00:00,2025-09-06 06:23:30+00:00,0.8549197968059299,0.9180149375843647,4.595835721712514,0.7441173103751111,0.5
2025-09-06 06:59:00+00:00,2025-09-06 07:05:30+00:00,0.9011148173135242,1.0,6.794750815611885,0.8631427939991053,6.5
2025-09-06 07:26:30+00:00,2025-09-06 07:32:30+00:00,0.8104749168644728,1.0,5.325202921238582,0.8866282664758691,6.0
2025-09-06 07:48:30+00:00,2025-09-06 07:51:00+00:00,0.753692451636136,1.0,5.087966930221479,0.8008979087657478,2.5
2025-09-06 10:19:00+00:00,2025-09-06 10:19:30+00:00,0.8978320632397381,0.9939056763240232,5.2211903391984835,0.7882173182351581,0.5
2025-09-06 21:44:30+00:00,2025-09-06 21:45:30+00:00,0.7798669630592024,0.8116335402068579,0.2964134838614844,0.08289549171723806,1.0
2025-09-06 21:50:30+00:00,2025-09-06 21:52:00+00:00,0.8851719333235528,0.9863402272143416,0.4082331571133914,0.22703820656694343,1.5
2025-09-07 02:25:30+00:00,2025-09-07 02:30:00+00:00,1.0,1.0,13.13531421048151,0.7430125681091208,4.5
2025-09-07 05:52:30+00:00,2025-09-07 05:52:30+00:00,0.9717404302123434,0.9717404302123434,4.012239765450639,0.7771508746489884,0.0
2025-09-07 06:38:00+00:00,2025-09-07 06:47:30+00:00,0.7690005527251713,1.0,5.533462323824552,0.8970521929786924,9.5
2025-09-07 07:12:30+00:00,2025-09-07 07:13:30+00:00,0.9540776428582894,1.0,5.239784570546468,0.7885818267660224,1.0
2025-09-07 07:36:00+00:00,2025-09-07 07:42:00+00:00,1.0,1.0,6.452431744126409,0.8910409582775551,6.0
2025-09-07 08:25:30+00:00,2025-09-07 08:25:30+00:00,1.0,1.0,4.705193294328877,0.7312392194177537,0.0
2025-09-07 08:49:00+00:00,2025-09-07 08:56:00+00:00,1.0,1.0,6.524930837222458,0.8137759406352696,7.0
2025-09-07 08:59:00+00:00,2025-09-08 12:50:30+00:00,1.0,1.0,18.870684530918254,0.9383404591541615,1671.5
2025-09-09 00:26:30+00:00,2025-09-09 00:29:30+00:00,0.7921807258229339,1.0,4.848465862092243,0.7301475259867717,3.0
2025-09-09 00:32:30+00:00,2025-09-09 00:36:00+00:00,0.8095025816920527,0.9444082605901611,4.512310182809192,0.6271035736579073,3.5
2025-09-09 00:40:00+00:00,2025-09-09 00:48:00+00:00,0.8960058550354654,1.0,4.858040427937842,0.6546808226830069,8.0
2025-09-09 00:53:30+00:00,2025-09-09 01:41:30+00:00,1.0,1.0,6.600499148790628,0.8503832408228229,48.0
2025-09-09 01:45:00+00:00,2025-09-09 01:49:00+00:00,1.0,1.0,4.971318550098552,0.7618553960123398,4.0
2025-09-09 01:52:30+00:00,2025-09-09 01:55:30+00:00,0.9585994007898878,1.0,5.380879221192971,0.7961683598002408,3.0
2025-09-09 01:58:30+00:00,2025-09-09 01:59:30+00:00,0.650110661660766,0.8147304813087726,4.275255066980787,0.749072647681155,1.0
2025-09-09 02:14:00+00:00,2025-09-09 02:15:00+00:00,0.9686894433770574,0.9756537732929719,4.72648556929257,0.8121910828901147,1.0
2025-09-09 02:22:30+00:00,2025-09-09 02:23:00+00:00,0.9810725368218146,1.0,4.433777008506473,0.6944015505243556,0.5
2025-09-09 02:28:30+00:00,2025-09-09 02:33:30+00:00,0.8300991901831954,1.0,5.100385873458865,0.6986678753793815,5.0
2025-09-09 02:38:00+00:00,2025-09-09 02:52:00+00:00,1.0,1.0,5.8943428591092255,0.8078094552414855,14.0
2025-09-09 02:55:00+00:00,2025-09-09 03:05:00+00:00,1.0,1.0,6.1290204101806935,0.822527252410086,10.0
2025-09-09 03:08:00+00:00,2025-09-09 03:10:00+00:00,1.0,1.0,5.203070643106956,0.6625691101696183,2.0
2025-09-09 03:17:00+00:00,2025-09-09 03:39:30+00:00,1.0,1.0,5.739670940630369,0.8572913504918492,22.5
2025-09-09 03:42:00+00:00,2025-09-09 04:29:00+00:00,1.0,1.0,6.429187954948587,0.845102501997337,47.0
2025-09-09 04:33:00+00:00,2025-09-09 04:33:30+00:00,0.9528643041739858,1.0,4.905125751741742,0.7210070656306236,0.5
2025-09-09 04:41:00+00:00,2025-09-09 04:56:30+00:00,1.0,1.0,7.612472289907107,0.8252966796307016,15.5
2025-09-09 05:00:30+00:00,2025-09-09 05:03:00+00:00,0.8032689078598352,0.9189656389558525,4.871369032889315,0.7810211284547737,2.5
2025-09-09 05:14:30+00:00,2025-09-09 05:23:30+00:00,0.9407774955230092,1.0,5.238551091859048,0.7965025147443983,9.0
2025-09-09 05:29:00+00:00,2025-09-09 05:37:00+00:00,1.0,1.0,5.597259333104622,0.8453670511710506,8.0
2025-09-09 05:45:00+00:00,2025-09-09 05:46:30+00:00,1.0,1.0,5.752123981632634,0.8285775451019808,1.5
2025-09-09 05:54:00+00:00,2025-09-09 06:06:00+00:00,1.0,1.0,5.764423417867081,0.811405580202727,12.0
2025-09-09 06:14:00+00:00,2025-09-09 06:16:00+00:00,0.9468078768847145,1.0,5.308105041433307,0.8122899316424335,2.0
2025-09-09 06:31:00+00:00,2025-09-09 06:31:30+00:00,0.8424700869819162,0.8671918141684815,4.508640572454295,0.7527147991325689,0.5
2025-09-09 06:49:00+00:00,2025-09-09 06:49:00+00:00,0.9929392285053606,0.9929392285053606,4.353509098299042,0.6666422743142761,0.0
2025-09-09 07:35:30+00:00,2025-09-09 07:37:00+00:00,0.663930551770304,0.741391219835168,5.009283438566016,0.8275072122284203,1.5
2025-09-09 07:56:00+00:00,2025-09-09 07:56:00+00:00,0.7181501595869132,0.7181501595869132,4.251082055241143,0.6921733204382329,0.0
2025-09-09 08:12:00+00:00,2025-09-09 08:13:30+00:00,0.7507951158572261,0.827019573955372,5.1197860518507925,0.6604298766448314,1.5
2025-09-09 08:50:00+00:00,2025-09-09 08:58:30+00:00,0.9199050157326507,1.0,6.067516898724837,0.8076729441007959,8.5
2025-09-09 09:03:30+00:00,2025-09-09 09:05:00+00:00,0.8088281368842549,0.9041142230036068,5.398517194882151,0.6904110622885011,1.5
2025-09-09 09:10:30+00:00,2025-09-09 09:14:00+00:00,1.0,1.0,5.842260005725248,0.7673538656634233,3.5
2025-09-09 09:25:30+00:00,2025-09-09 09:25:30+00:00,0.7431512273968252,0.7431512273968252,4.672651352287036,0.7120541710148667,0.0
2025-09-09 09:38:30+00:00,2025-09-09 09:39:30+00:00,0.6517128604149035,1.0,5.047603072072169,0.8080940436906718,1.0
2025-09-09 09:42:30+00:00,2025-09-09 09:45:30+00:00,0.8624032891076766,1.0,6.160711176331705,0.7142304604332557,3.0
2025-09-09 09:53:00+00:00,2025-09-09 09:53:30+00:00,0.7206769993218549,0.7602342056734495,5.195890199982134,0.7012145367773862,0.5
2025-09-09 09:56:00+00:00,2025-09-09 09:58:00+00:00,0.867775892851458,1.0,5.651022578119873,0.7249269973458402,2.0
2025-09-09 10:08:30+00:00,2025-09-09 10:33:00+00:00,1.0,1.0,6.90488843437847,0.8578256967038707,24.5
2025-09-09 10:40:00+00:00,2025-09-09 10:45:00+00:00,0.9044108612051159,1.0,6.395162624303694,0.7827861663181704,5.0
2025-09-09 10:49:00+00:00,2025-09-09 10:56:30+00:00,0.8208244630404282,0.9222869738119385,5.9569890321846115,0.7739456259699391,7.5
2025-09-09 10:59:00+00:00,2025-09-09 11:00:00+00:00,0.8284344515002137,0.8549489698173567,5.715118356049627,0.7702553123549435,1.0
2025-09-09 11:02:30+00:00,2025-09-09 11:11:00+00:00,0.7775657597313396,1.0,5.826971619472468,0.845730403279941,8.5
2025-09-09 11:14:00+00:00,2025-09-09 11:23:30+00:00,0.870590205651276,1.0,6.449233487912783,0.8693761716409362,9.5
2025-09-09 11:26:30+00:00,2025-09-09 11:32:00+00:00,0.7473125651270157,0.8444845335016684,5.651432017388608,0.8382428915731867,5.5
2025-09-09 11:40:30+00:00,2025-09-09 11:45:00+00:00,1.0,1.0,6.109221096857318,0.7446614752245859,4.5
2025-09-09 12:14:30+00:00,2025-09-09 12:47:00+00:00,1.0,1.0,7.118741647196125,0.8968181731400149,32.5
2025-09-09 12:56:00+00:00,2025-09-09 22:34:00+00:00,1.0,1.0,11.921352825766052,0.9764614482509588,578.0
2025-09-09 22:57:00+00:00,2025-09-09 22:57:30+00:00,0.8504576711512826,1.0,4.842379399212285,0.7594471331654832,0.5
2025-09-10 04:21:00+00:00,2025-09-10 04:21:00+00:00,0.968517876531333,0.968517876531333,3.5766726836465756,0.808405104987771,0.0
2025-09-10 09:33:00+00:00,2025-09-10 09:33:30+00:00,0.8752756233306604,0.9716832326072293,5.421651828363487,0.6347693673097836,0.5
2025-09-10 10:17:30+00:00,2025-09-10 10:18:30+00:00,0.8918215454969748,0.9170341155153966,5.522664751509756,0.8365277309191225,1.0
2025-09-10 10:58:30+00:00,2025-09-10 10:59:30+00:00,0.9442466738247414,0.9523093587238293,5.4512993012381745,0.7748702929854941,1.0
2025-09-10 11:15:00+00:00,2025-09-10 11:20:00+00:00,1.0,1.0,6.284526575487876,0.8738127892731036,5.0
2025-09-10 11:41:30+00:00,2025-09-10 11:44:00+00:00,0.7958889761690248,0.8808715698097238,5.5443875920840044,0.8304335950613868,2.5
2025-09-10 11:58:00+00:00,2025-09-10 11:58:00+00:00,0.8711827991919047,0.8711827991919047,5.1113043489347625,0.7444453791440586,0.0
2025-09-10 12:01:00+00:00,2025-09-10 12:06:00+00:00,0.845096976262248,1.0,5.93476172325656,0.8491127517548377,5.0
2025-09-10 12:12:00+00:00,2025-09-10 12:12:00+00:00,0.7184899257852904,0.7184899257852904,4.573822713429739,0.7803740820998979,0.0
2025-09-10 12:18:00+00:00,2025-09-10 12:20:00+00:00,0.9112941402317076,1.0,5.6723982092665155,0.8022277338575429,2.0
2025-09-10 12:27:00+00:00,2025-09-10 13:12:00+00:00,1.0,1.0,7.085550109096349,0.8493182244842351,45.0
2025-09-10 15:07:30+00:00,2025-09-10 22:30:00+00:00,1.0,1.0,10.2290010229098,0.9341218141207962,442.5
2025-09-10 22:33:00+00:00,2025-09-10 22:36:00+00:00,0.8210194807684159,1.0,5.768927328735152,0.8745941045210542,3.0
2025-09-12 08:18:30+00:00,2025-09-12 08:22:30+00:00,1.0,1.0,5.592280956427859,0.8538652783725789,4.0
2025-09-12 08:30:30+00:00,2025-09-12 08:34:00+00:00,1.0,1.0,6.5536384191266785,0.8122416073940569,3.5
2025-09-12 08:37:30+00:00,2025-09-12 08:38:00+00:00,0.9802673509304329,1.0,5.110504482482448,0.7641059883734845,0.5
2025-09-12 08:49:30+00:00,2025-09-12 08:50:00+00:00,0.9527620297724704,1.0,5.19245463203638,0.8120995348864933,0.5
2025-09-12 08:52:30+00:00,2025-09-12 08:53:00+00:00,0.8422488599595255,1.0,5.00076161825063,0.7447048042475705,0.5
2025-09-12 09:05:30+00:00,2025-09-12 09:08:30+00:00,1.0,1.0,6.3838017698823695,0.7620296222467458,3.0
2025-09-12 10:06:00+00:00,2025-09-12 10:11:00+00:00,0.7167174201623479,1.0,5.873392963988753,0.8902126567567675,5.0
2025-09-12 17:09:00+00:00,2025-09-12 17:09:00+00:00,0.7663839600770177,0.7663839600770177,4.633606346556111,0.8549854320120716,0.0
2025-09-12 17:26:00+00:00,2025-09-12 17:26:00+00:00,1.0,1.0,4.6356196999055115,0.742296906687853,0.0
2025-09-12 17:51:00+00:00,2025-09-12 17:52:30+00:00,0.706655642781417,0.7445999287086978,5.569222418338452,0.7475441375119727,1.5
2025-09-12 17:56:00+00:00,2025-09-12 18:06:30+00:00,0.774357391076617,1.0,6.248324159295493,0.7824500594051075,10.5
2025-09-12 18:15:00+00:00,2025-09-12 21:51:30+00:00,1.0,1.0,11.187437916426282,0.9231900620576242,216.5
2025-09-12 21:55:30+00:00,2025-09-12 22:13:00+00:00,0.9696550619038807,1.0,7.2726463580903244,0.8920293454866889,17.5
2025-09-12 22:23:00+00:00,2025-09-12 22:23:00+00:00,0.7806897077458145,0.7806897077458145,5.040752397629988,0.8249536306125339,0.0
2025-09-13 03:44:00+00:00,2025-09-13 03:47:30+00:00,1.0,1.0,7.166855971037238,0.8572136983334132,3.5
2025-09-13 04:03:00+00:00,2025-09-13 04:30:00+00:00,1.0,1.0,7.072447202997727,0.9121184718637705,27.0
2025-09-13 04:35:30+00:00,2025-09-13 04:38:30+00:00,1.0,1.0,5.954003745515507,0.8774113019643767,3.0
2025-09-13 04:53:00+00:00,2025-09-13 04:57:30+00:00,1.0,1.0,5.757879647677207,0.8538935577945028,4.5
2025-09-13 05:02:00+00:00,2025-09-13 05:02:30+00:00,0.789801942153753,0.8665732786295103,4.631751388677915,0.8215791156548226,0.5
2025-09-13 06:59:30+00:00,2025-09-13 14:56:30+00:00,1.0,1.0,14.605076416813764,0.9380261799234649,477.0
2025-09-13 15:40:30+00:00,2025-09-13 15:40:30+00:00,0.977643090066845,0.977643090066845,4.7967643579544,0.763017365506692,0.0
2025-09-13 16:46:00+00:00,2025-09-13 16:48:00+00:00,1.0,1.0,6.395127433319212,0.8375603955457374,2.0
2025-09-13 16:53:30+00:00,2025-09-13 16:59:30+00:00,0.8515332658964873,1.0,6.828208010590058,0.868927420505182,6.0
2025-09-13 17:02:30+00:00,2025-09-13 17:03:00+00:00,0.8782791319536509,0.9947062398408946,4.903284662277741,0.7927041680594193,0.5
2025-09-13 17:07:30+00:00,2025-09-13 17:08:00+00:00,0.7380136577642435,0.7470036017056934,5.475860586921923,0.7020131143700218,0.5
2025-09-13 17:20:00+00:00,2025-09-13 17:20:30+00:00,0.8489743866041979,1.0,5.0082663888335786,0.6978667453101481,0.5
2025-09-13 17:27:00+00:00,2025-09-13 17:28:00+00:00,0.8534763383461371,0.9353026799726545,5.27410674069739,0.802998740030596,1.0
2025-09-13 18:06:00+00:00,2025-09-13 18:10:30+00:00,0.699180473402228,0.7610027722810645,5.5441777095704285,0.8755742205265451,4.5
2025-09-13 18:25:30+00:00,2025-09-13 19:08:00+00:00,0.8929643104685363,1.0,7.412675702504987,0.918220460921674,42.5
2025-09-13 19:11:00+00:00,2025-09-13 19:26:00+00:00,0.9170148210479852,1.0,7.325806152782636,0.8687961846920143,15.0
2025-09-13 19:30:00+00:00,2025-09-13 19:30:30+00:00,0.8788269739331642,0.9400822874947856,5.535367898610047,0.7870275257948139,0.5
2025-09-13 19:34:30+00:00,2025-09-14 00:24:30+00:00,1.0,1.0,9.93822431216004,0.8988973542748252,290.0
2025-09-14 00:34:00+00:00,2025-09-14 00:35:00+00:00,1.0,1.0,5.061023918071517,0.7282256356602672,1.0
2025-09-14 00:37:30+00:00,2025-09-14 00:37:30+00:00,1.0,1.0,4.046719471356489,0.7479260520920533,0.0
2025-09-14 00:47:30+00:00,2025-09-14 00:48:00+00:00,0.8275840321064615,0.9076112687180532,4.422874897232832,0.7687635364592311,0.5
2025-09-14 00:56:00+00:00,2025-09-14 00:56:30+00:00,0.6889261385228541,0.756782409071913,4.387968286191408,0.7514468854419655,0.5
2025-09-14 01:15:30+00:00,2025-09-14 01:16:00+00:00,1.0,1.0,4.6246176863478565,0.7413728337340124,0.5
2025-09-14 01:29:30+00:00,2025-09-14 01:30:30+00:00,0.7994339892061396,0.8331406557369724,4.408168142118835,0.7731083958900059,1.0
2025-09-14 01:33:30+00:00,2025-09-14 01:33:30+00:00,0.9668699648362139,0.9668699648362139,4.020388293146848,0.7885249899023306,0.0
2025-09-14 02:11:00+00:00,2025-09-14 02:14:30+00:00,0.7495209540486276,0.9411411108830009,4.577243853395371,0.8368117544533634,3.5
2025-09-14 02:28:30+00:00,2025-09-14 02:30:30+00:00,1.0,1.0,4.540674415971935,0.7056639088291313,2.0
2025-09-14 02:44:30+00:00,2025-09-14 02:45:30+00:00,0.9868111211938639,0.991219136909816,4.723224448316884,0.805746041363566,1.0
2025-09-14 02:48:30+00:00,2025-09-14 02:51:30+00:00,1.0,1.0,5.624764928530409,0.8018516181521479,3.0
2025-09-14 02:55:00+00:00,2025-09-14 02:55:00+00:00,0.7409288178501999,0.7409288178501999,3.9401537627035976,0.7997869667621257,0.0
2025-09-14 03:09:00+00:00,2025-09-14 03:12:30+00:00,0.9650361367169998,1.0,5.175327894968937,0.8738296639177232,3.5
2025-09-14 03:28:00+00:00,2025-09-14 03:31:00+00:00,0.6636843389312375,0.7295853556818153,4.461665677119675,0.8602887098093658,3.0
2025-09-14 03:38:30+00:00,2025-09-14 03:41:30+00:00,0.976734746593293,1.0,5.067523783355599,0.8307793204123147,3.0
2025-09-14 03:49:30+00:00,2025-09-14 03:54:00+00:00,0.83641082097733,1.0,5.1823931438103505,0.9087707293351539,4.5
2025-09-14 03:57:00+00:00,2025-09-14 03:59:30+00:00,0.8464785349573892,0.9376517511804472,4.849704857058082,0.8925941770484493,2.5
2025-09-14 04:26:30+00:00,2025-09-14 04:27:00+00:00,0.8063253029114082,0.9268719398678563,4.590388057626137,0.7053846219827565,0.5
2025-09-14 04:40:00+00:00,2025-09-14 04:43:00+00:00,0.8841463584390066,0.8942570345951257,5.020160796168285,0.9203141320362404,3.0
2025-09-14 04:47:30+00:00,2025-09-14 05:12:30+00:00,0.9392362440456438,1.0,5.708475780981392,0.8940520940901078,25.0
2025-09-14 05:15:00+00:00,2025-09-14 10:43:00+00:00,1.0,1.0,10.925103366324334,0.940604089180866,328.0
2025-09-14 10:46:00+00:00,2025-09-14 11:23:00+00:00,0.9375714977554666,1.0,7.154786206180834,0.918800771097024,37.0
2025-09-14 11:25:30+00:00,2025-09-14 11:36:00+00:00,0.8845702622527619,1.0,6.275337326683485,0.8925278760758988,10.5
2025-09-14 11:42:00+00:00,2025-09-14 12:10:00+00:00,0.9821427886993164,1.0,6.583502444135858,0.8549778909427346,28.0
2025-09-14 12:13:30+00:00,2025-09-14 12:15:30+00:00,1.0,1.0,6.608608216988379,0.837233875206313,2.0
2025-09-14 12:18:00+00:00,2025-09-14 12:43:30+00:00,0.9074891848536062,1.0,6.7700962904414395,0.9112319756969257,25.5
2025-09-14 12:51:30+00:00,2025-09-14 12:55:00+00:00,1.0,1.0,7.075196226609272,0.8622293187472079,3.5
2025-09-14 13:00:00+00:00,2025-09-14 13:46:00+00:00,0.9915124319236287,1.0,6.695493328288659,0.8971261565363505,46.0
2025-09-14 13:50:00+00:00,2025-09-14 16:06:00+00:00,1.0,1.0,8.582557130500456,0.9051981749133378,136.0
2025-09-14 16:11:00+00:00,2025-09-14 17:04:00+00:00,0.9441489689289647,1.0,6.886063105853068,0.8957573589227232,53.0
2025-09-14 17:07:00+00:00,2025-09-14 17:24:30+00:00,1.0,1.0,6.768393672944989,0.856467484423505,17.5
2025-09-14 17:36:00+00:00,2025-09-15 05:44:00+00:00,1.0,1.0,15.733202495651033,0.9432150478664723,728.0
2025-09-15 05:47:00+00:00,2025-09-15 05:48:00+00:00,1.0,1.0,5.707155823555506,0.9126598593152786,1.0
2025-09-15 05:50:30+00:00,2025-09-15 05:54:30+00:00,0.899295997677255,1.0,5.515231840808725,0.826788597503514,4.0
2025-09-15 05:57:00+00:00,2025-09-15 06:07:00+00:00,1.0,1.0,6.751911066534101,0.8585448046124475,10.0
2025-09-15 06:10:00+00:00,2025-09-15 06:11:00+00:00,0.6760893150059925,0.7964288808845004,4.6810045541204905,0.7148472243120246,1.0
2025-09-15 06:22:00+00:00,2025-09-15 06:26:30+00:00,0.7765268075393583,1.0,5.2556874033468235,0.8092507556550625,4.5
2025-09-15 06:31:00+00:00,2025-09-15 06:31:00+00:00,0.8471309953973412,0.8471309953973412,3.7170081439543297,0.7068617561372209,0.0
2025-09-15 07:08:00+00:00,2025-09-15 07:29:30+00:00,1.0,1.0,16.74742986402842,0.9041480929539097,21.5
2025-09-15 07:45:30+00:00,2025-09-15 07:46:30+00:00,0.8079429048515595,0.9039079097589723,5.1032744450276795,0.7586324147968199,1.0
2025-09-15 07:56:30+00:00,2025-09-15 08:02:30+00:00,0.8451477791388886,1.0,5.7587499448808,0.8816121618418559,6.0
2025-09-15 08:34:00+00:00,2025-09-15 08:35:00+00:00,0.9085303454841077,0.9948713415243592,5.360320303936741,0.7512375848944538,1.0
2025-09-15 08:37:30+00:00,2025-09-15 08:39:30+00:00,0.6801390316421695,0.7345797255047263,5.209474822498714,0.8570328973274062,2.0
2025-09-15 09:12:30+00:00,2025-09-15 09:17:00+00:00,0.7060494210318196,0.9550469966008754,5.696209116385018,0.8796833636723593,4.5
2025-09-15 09:20:00+00:00,2025-09-15 09:49:30+00:00,0.8611169613676675,1.0,6.582605632949757,0.8514957375970462,29.5
2025-09-15 09:54:30+00:00,2025-09-16 02:59:00+00:00,1.0,1.0,12.730080170056114,0.9498777743649308,1024.5
2025-09-16 03:03:00+00:00,2025-09-16 03:03:30+00:00,0.8356360464989603,1.0,4.570464796441367,0.8585622522584376,0.5
2025-09-16 03:10:00+00:00,2025-09-16 03:46:00+00:00,1.0,1.0,6.6304053858979595,0.9189033847232604,36.0
2025-09-16 03:49:00+00:00,2025-09-16 04:34:00+00:00,1.0,1.0,7.166808095022189,0.9274287776782807,45.0
2025-09-16 04:36:30+00:00,2025-09-16 09:57:30+00:00,1.0,1.0,10.241117154925266,0.9415779524136284,321.0
2025-09-16 10:44:30+00:00,2025-09-16 10:44:30+00:00,0.9767888364213472,0.9767888364213472,4.070003597786374,0.7269807707584299,0.0
2025-09-16 11:36:30+00:00,2025-09-16 11:36:30+00:00,0.7909894908626692,0.7909894908626692,4.754875495121557,0.7477610587188334,0.0
2025-09-16 12:46:00+00:00,2025-09-16 12:46:00+00:00,0.8916830730747084,0.8916830730747084,4.926810336374579,0.7808980933517027,0.0
2025-09-16 12:50:30+00:00,2025-09-16 12:50:30+00:00,1.0,1.0,4.751043950996292,0.7067908117010946,0.0
2025-09-16 13:05:30+00:00,2025-09-16 13:07:00+00:00,1.0,1.0,5.849655416559839,0.8336220054234637,1.5
2025-09-16 13:25:30+00:00,2025-09-16 13:31:30+00:00,0.7334270454765592,1.0,5.372805036542009,0.8045897930228251,6.0
2025-09-16 13:45:00+00:00,2025-09-16 14:12:30+00:00,0.961127148861586,1.0,6.417817221218051,0.8717866772140368,27.5
2025-09-16 17:13:00+00:00,2025-09-16 17:14:00+00:00,1.0,1.0,6.0120678137271675,0.8218043350631246,1.0
2025-09-16 17:18:30+00:00,2025-09-16 17:19:30+00:00,0.7008700216349031,0.8585857390916505,5.427211429627211,0.7557207890083553,1.0
2025-09-16 17:32:00+00:00,2025-09-16 17:34:30+00:00,0.7331409486219217,0.871612250076872,5.103815702661128,0.8249791387351715,2.5
2025-09-16 18:06:00+00:00,2025-09-16 18:07:30+00:00,1.0,1.0,6.170734274625679,0.8452146757896662,1.5
2025-09-16 18:24:00+00:00,2025-09-16 18:25:00+00:00,0.717398996764407,0.7180853152270474,5.310057390804353,0.7922979384132934,1.0
2025-09-16 18:36:30+00:00,2025-09-16 18:40:00+00:00,0.893186720799372,1.0,5.8410782266234955,0.7964973318663596,3.5
2025-09-16 18:44:30+00:00,2025-09-16 18:44:30+00:00,0.747468865874771,0.747468865874771,4.819738004364992,0.7828075400902946,0.0
2025-09-16 18:48:00+00:00,2025-09-16 19:03:00+00:00,0.8361199116311103,1.0,7.33617763663583,0.8607792492826676,15.0
2025-09-16 19:19:30+00:00,2025-09-16 19:20:00+00:00,0.9435351080135845,0.9691228193104418,4.636004544418358,0.700699175151626,0.5
2025-09-16 19:31:30+00:00,2025-09-16 19:32:00+00:00,0.9431130995234304,1.0,4.941963821224398,0.7579420160890447,0.5
2025-09-16 19:41:30+00:00,2025-09-16 19:42:30+00:00,0.7667565144706823,0.7881900767858974,5.684377549884787,0.8095712837565504,1.0
2025-09-16 20:02:00+00:00,2025-09-16 20:08:30+00:00,0.6978424763003053,1.0,5.830259329623895,0.915475587419902,6.5
2025-09-16 20:12:30+00:00,2025-09-16 20:21:30+00:00,0.9577845155795509,1.0,6.78710343437617,0.9250050977074654,9.0
2025-09-16 20:28:00+00:00,2025-09-16 20:30:30+00:00,0.9612505209808455,1.0,6.340062163100695,0.7903661556522833,2.5
2025-09-16 20:42:00+00:00,2025-09-16 20:44:30+00:00,0.8073385978401271,0.8924176248232815,5.80594287453794,0.8557837047594462,2.5
2025-09-16 20:50:00+00:00,2025-09-16 20:59:30+00:00,0.7938602237036985,1.0,6.481425610690189,0.8773899742392645,9.5
2025-09-16 21:02:00+00:00,2025-09-16 22:48:00+00:00,1.0,1.0,8.898413684934342,0.9478300779436433,106.0
2025-09-17 04:22:00+00:00,2025-09-17 04:23:30+00:00,1.0,1.0,6.334183823851169,0.761368457358369,1.5
2025-09-17 04:39:30+00:00,2025-09-17 04:40:00+00:00,0.8454560180951891,1.0,4.09643219155245,0.7291343991654938,0.5
2025-09-17 07:54:00+00:00,2025-09-17 07:55:00+00:00,0.747453705832681,0.8404625699572323,4.8895793112312145,0.6732102410628217,1.0
2025-09-17 09:59:30+00:00,2025-09-17 09:59:30+00:00,0.8269221522234677,0.8269221522234677,4.290659586342395,0.7077122012892468,0.0
2025-09-17 10:15:30+00:00,2025-09-17 10:15:30+00:00,0.8654529595849311,0.8654529595849311,4.940398126443637,0.7624407874782454,0.0
2025-09-17 10:18:30+00:00,2025-09-17 10:21:30+00:00,0.8194298476539188,1.0,5.609126789528184,0.6708290003941322,3.0
2025-09-17 10:33:30+00:00,2025-09-18 04:29:30+00:00,1.0,1.0,19.346531552496913,0.9235816831820399,1076.0
