event_id,t_start,t_end,duration_min,stations_involved,Z_peak,slopeZ_peak,pmratio_delta_med,neigh_ok,lag_ok,decay_ok,veto_rh,veto_sync,score,level,x0,y0,t_src_min,c_km_per_min,loc_cost
1,2025-08-28 04:50:00+00:00,2025-08-28 04:52:00+00:00,2.0,aa-44-16-33,6.906417025862452,2.922786719756464,0.0,0.0,0.0,0.0,False,False,0.2662840793853788,Level-1,36.316367913904614,127.5515376801568,-1.1329717118210567,4.9999999999992,0.4106573777056458
2,2025-08-28 06:38:00+00:00,2025-08-28 06:42:00+00:00,4.0,aa-44-16-33,25.154649639645005,22.43408996334014,0.0,0.0,0.0,0.0,False,False,0.5410043233537979,Level-1,36.32624986663795,127.507716950778,-9.999999999999726,0.3205601029033979,1.8628976942107933
3,2025-08-28 21:06:00+00:00,2025-08-28 21:08:00+00:00,2.0,aa-44-16-33,10.073870145607845,2.6979509062866676,0.0,0.0,0.0,0.0,False,False,0.32032451660337413,Level-1,36.30234394480647,127.55153768015474,-1.4399585854329304,3.512563913268472,1.498465163207818
4,2025-08-28 23:04:00+00:00,2025-08-28 23:06:00+00:00,2.0,aa-44-16-29,6.265022724703695,1.9485230195511845,0.0,0.0,0.0,0.0,False,False,0.23295830492253006,Level-1,36.32331200107521,127.52479266968467,-8.42302681709591,0.47506494271749666,0.4785959831058891
5,2025-08-28 23:11:00+00:00,2025-08-28 23:13:00+00:00,2.0,aa-44-16-33,5.923240687144955,1.5738046953338887,0.0,0.0,0.0,0.0,False,False,0.21726653521629602,Level-1,36.38472913884025,127.55153767930932,-1.5447977993480666,2.9909014665766667,0.46358185594429646
6,2025-08-28 23:57:00+00:00,2025-08-29 00:08:00+00:00,11.0,"aa-44-16-33,aa-44-12-15",73.97784330344984,35.523073510279204,0.0,1.0,1.0,0.0,False,False,0.8996714844608918,Level-2,36.34077310912703,127.50160813904981,-3.935162601905065,0.32226253350699374,4.197047694863532
7,2025-08-29 00:16:00+00:00,2025-08-29 00:18:00+00:00,2.0,aa-44-16-33,6.331803070283284,2.7479191382325774,0.0,0.0,0.0,0.0,False,False,0.24969898816731748,Level-1,36.323075840292255,127.5515376801568,-9.151020859477057,0.6594111292023919,0.23253236529959384
8,2025-08-29 00:52:00+00:00,2025-08-29 00:54:00+00:00,2.0,aa-44-16-29,17.253036393678215,15.513245613798402,0.0,0.0,0.0,0.0,False,False,0.5112752267269631,Level-1,36.33018678565186,127.53191059298311,-9.999999999999835,0.4144754876896134,0.0743451154716372
9,2025-08-29 01:12:00+00:00,2025-08-29 01:14:00+00:00,2.0,aa-44-16-29,8.040032360031347,13.253716605186973,0.0,0.0,0.0,0.0,False,False,0.4068168150714386,Level-1,36.391254987039844,127.44000671440605,-2.0324576949439175,2.6452575849938236,1.4620320567240257
10,2025-08-29 02:19:00+00:00,2025-08-29 02:24:00+00:00,5.0,"aa-44-16-29,aa-44-13-97",13.861879172442581,102.52121244823353,0.0,1.0,1.0,0.0,False,False,0.8588152778177437,Level-2,36.328287892758894,127.44000671440605,-9.967807852169061,0.5297539547111085,4.318038178548431
11,2025-08-29 02:56:00+00:00,2025-08-29 02:59:00+00:00,3.0,"aa-44-16-29,aa-44-17-41",24.130297491855288,88.35709757051704,0.0,1.0,0.0,0.0,False,False,0.7444319980350698,Level-1,36.33488138732308,127.5515376801568,-8.015682259902327,0.6660772052342392,0.12639658025299472
12,2025-08-29 03:20:00+00:00,2025-08-29 03:22:00+00:00,2.0,aa-87-15-02,7.899150872152679,1.5175888548274519,0.0,0.0,0.0,0.0,False,False,0.26054722128944996,Level-1,36.32836815022501,127.50186982667483,-5.567574837082109,0.4855301704259194,0.9566061535550816
13,2025-08-29 03:33:00+00:00,2025-08-29 03:35:00+00:00,2.0,aa-87-15-02,6.776683102284801,2.0234518064366003,0.0,0.0,0.0,0.0,False,False,0.2464261301988488,Level-1,36.32439641408356,127.5515376801568,-4.863058079711908,1.0372201068559106,0.9265931336057532
14,2025-08-29 03:56:00+00:00,2025-08-29 03:58:00+00:00,2.0,aa-87-15-02,6.35962269636993,2.6979357419154626,0.0,0.0,0.0,0.0,False,False,0.24943696258549244,Level-1,36.33593856157699,127.44000671440605,-4.548847828982676,1.0505634441570384,1.070583017625477
15,2025-08-29 04:10:00+00:00,2025-08-29 04:12:00+00:00,2.0,aa-44-17-41,7.658439786423884,8.393562137840272,0.0,0.0,0.0,0.0,False,False,0.36267078780724393,Level-1,36.34358702309691,127.44000671440605,-0.2687894302356565,4.999999999564902,1.3935500958141718
16,2025-08-29 04:37:00+00:00,2025-08-29 04:39:00+00:00,2.0,aa-87-15-02,6.222202311174832,2.0234518064366025,0.0,0.0,0.0,0.0,False,False,0.2333608151189561,Level-1,36.30234394482943,127.44031851523579,-0.7938859277425554,4.999999999999998,2.477208013554867
17,2025-08-29 05:08:00+00:00,2025-08-29 05:11:00+00:00,3.0,aa-44-16-29,15.682605182309347,39.7946863976366,0.0,0.0,0.0,0.0,False,False,0.5207222599928255,Level-1,36.32352075787082,127.5515376801568,-0.0578796313985758,4.999999999984316,1.4490561977460954
18,2025-08-29 06:52:00+00:00,2025-08-29 06:54:00+00:00,2.0,"aa-44-17-41,aa-44-13-97",27.200559191864357,52.609569545804064,0.0,1.0,0.0,0.0,False,False,0.7469650477700938,Level-1,36.36844537843497,127.5515376801568,-0.8192057760648647,4.9999999999993925,0.37131209960115547
19,2025-08-29 06:56:00+00:00,2025-08-29 06:58:00+00:00,2.0,aa-44-17-41,35.07748731634077,27.882397377617725,0.0,0.0,0.0,0.0,False,False,0.5478634258342238,Level-1,36.3117001062694,127.5515376801568,-2.195892614054875,2.513362236257256,0.62622650756053
20,2025-08-29 10:14:00+00:00,2025-08-29 10:17:00+00:00,3.0,aa-87-15-02,10.257482306247821,250000.0,0.0,0.0,0.0,0.0,False,False,0.47026911834519686,Level-1,36.302343944806054,127.5515376801568,-0.7087702953847991,2.910839581232173,1.171736747840754
21,2025-08-29 10:18:00+00:00,2025-08-29 10:24:00+00:00,6.0,"aa-87-15-02,aa-44-17-41,aa-44-13-97",42.18726097072507,163.899043585005,0.0,0.6666666666666666,1.0,1.0,False,True,0.46659087262667454,Level-1,36.30234402434743,127.48931835013533,1.514644181238493,3.847181436871452,15.394370328146733
22,2025-08-29 10:45:00+00:00,2025-08-29 10:47:00+00:00,2.0,aa-44-16-33,5.720305125207661,3.678972830785645,0.0,0.0,0.0,0.0,False,False,0.25132735134518935,Level-1,36.34746213327821,127.44000671440605,-0.2626807148501656,4.99999999977506,2.425869349074939
23,2025-08-29 11:59:00+00:00,2025-08-29 12:02:00+00:00,3.0,aa-44-13-97,103.49147781654493,160.37819276259677,0.0,0.0,0.0,0.0,False,False,0.549999999282296,Level-1,36.30234394480594,127.5515376801568,0.020068827550308047,4.999999999999527,3.7147408879784334
24,2025-08-29 12:09:00+00:00,2025-08-29 12:13:00+00:00,4.0,aa-44-16-29,9.482460975552804,3.7096741557118853,0.0,0.0,0.0,0.0,False,False,0.32961331941150407,Level-1,36.3605608770978,127.49356999978318,-0.23304665658039528,2.9356948711623683,0.0004013293174307149
25,2025-08-29 12:20:00+00:00,2025-08-29 12:28:00+00:00,8.0,"aa-44-16-29,aa-44-16-33,aa-44-17-41",63.57130854229759,76.44507695835986,0.0,1.0,1.0,5.551115123125783e-17,False,True,0.4499989014069265,Level-1,36.33368950712761,127.45285717007556,-9.999999999999998,0.3689027039205763,5.176668079554226
26,2025-08-29 12:57:00+00:00,2025-08-29 13:01:00+00:00,4.0,"aa-44-16-33,aa-44-17-41",21.435192397935992,33.84617648573679,0.0,1.0,1.0,0.0,False,False,0.8900496622406814,Level-2,36.337193727758226,127.5515376801568,-9.999999999999956,0.48028409189903254,1.9320957939236043
27,2025-08-29 14:29:00+00:00,2025-08-29 14:40:00+00:00,11.0,"aa-44-16-33,aa-44-17-41",33.92216155362023,26.97917544895034,0.0,1.0,1.0,0.0,False,False,0.89740303836794,Level-2,36.37914826699878,127.55153768015666,-0.47666415839885007,1.2198364284437793,17.051137337658172
28,2025-08-29 14:47:00+00:00,2025-08-29 14:49:00+00:00,2.0,aa-44-17-41,16.695513971281915,11.011912135953068,0.0,0.0,0.0,0.0,False,False,0.48620762216842994,Level-1,36.34749661778086,127.5515376801568,-0.41953138660901207,4.999999999999999,0.6012587285287876
29,2025-08-29 14:50:00+00:00,2025-08-29 14:52:00+00:00,2.0,aa-44-17-41,18.988394835071713,6.334258838930352,0.0,0.0,0.0,0.0,False,False,0.44672963709258323,Level-1,36.32352075787082,127.5515376801568,-0.0578796313985758,4.999999999984316,1.4490561977460954
30,2025-08-29 20:58:00+00:00,2025-08-29 21:00:00+00:00,2.0,aa-44-16-33,11.125962228657698,2.9227801484772264,0.0,0.0,0.0,0.0,False,False,0.3385883994077934,Level-1,36.323816707182054,127.55153768015678,-1.2217213254182064,4.999999999999999,0.0030889988725699333
31,2025-08-29 21:01:00+00:00,2025-08-29 21:03:00+00:00,2.0,aa-44-16-33,12.789000758580462,1.7986339375244438,0.0,0.0,0.0,0.0,False,False,0.3352567720435265,Level-1,36.32896438748083,127.5515376801568,-8.535900177959618,0.6632454714529334,0.17438154297565125
32,2025-08-29 21:44:00+00:00,2025-08-29 21:46:00+00:00,2.0,aa-44-16-33,11.379589775905908,1.8548433331871965,0.0,0.0,0.0,0.0,False,False,0.3214811958289299,Level-1,36.320876335853704,127.5515376801568,-9.999999999999995,0.586037601430741,1.9849876463072655
33,2025-08-29 22:08:00+00:00,2025-08-29 22:10:00+00:00,2.0,aa-44-16-33,9.83052663760688,1.6487502473125393,0.0,0.0,0.0,0.0,False,False,0.2967139434967082,Level-1,36.32456127589412,127.55153768015677,-9.99999999999998,0.5516963713135564,1.1462635147546254
34,2025-08-30 00:04:00+00:00,2025-08-30 00:06:00+00:00,2.0,aa-44-16-33,8.542491838281181,2.1198199309324144,0.0,0.0,0.0,0.0,False,False,0.2844215526229975,Level-1,36.321627387453795,127.54637055416127,-9.999999999999998,0.5569050355251414,0.17817407662024623
35,2025-08-30 00:25:00+00:00,2025-08-30 00:27:00+00:00,2.0,aa-44-16-33,9.703399818058214,2.312530833744449,0.0,0.0,0.0,0.0,False,False,0.30754219387663495,Level-1,36.32400211568254,127.53515987313932,-9.999999999999975,0.48058143437535455,0.09307234969483967
36,2025-08-30 00:33:00+00:00,2025-08-30 00:35:00+00:00,2.0,aa-44-16-33,11.454572818698233,1.6487502473125393,0.0,0.0,0.0,0.0,False,False,0.31836467416976655,Level-1,36.31988730193392,127.5515376801568,-9.999999999999998,0.5909694652378207,1.022898602168903
37,2025-08-30 01:58:00+00:00,2025-08-30 02:00:00+00:00,2.0,aa-44-16-33,12.801979634263882,1.8548433331871954,0.0,0.0,0.0,0.0,False,False,0.33646538639886137,Level-1,36.320876335853704,127.5515376801568,-9.999999999999995,0.586037601430741,1.9849876463072655
38,2025-08-30 02:41:00+00:00,2025-08-30 02:43:00+00:00,2.0,aa-44-16-33,11.622403981384059,1.517599090789522,0.0,0.0,0.0,0.0,False,False,0.31774013049673,Level-1,36.32915575737659,127.5515376801568,-9.999999999999998,0.5256995518546508,1.0206621634238604
39,2025-08-30 02:51:00+00:00,2025-08-30 02:53:00+00:00,2.0,aa-44-16-33,11.628508983904124,2.023465454386026,0.0,0.0,0.0,0.0,False,False,0.3276142600946396,Level-1,36.32915575737659,127.5515376801568,-9.999999999999998,0.5256995518546508,1.0206621634238604
40,2025-08-30 06:17:00+00:00,2025-08-30 06:19:00+00:00,2.0,aa-44-16-33,9.846512944562141,4.0469172607766035,0.0,0.0,0.0,0.0,False,False,0.3410665716940808,Level-1,36.32739166832503,127.53356803755075,-9.999999999999998,0.4452935280396644,0.08022513714947856
41,2025-08-30 06:20:00+00:00,2025-08-30 06:22:00+00:00,2.0,aa-44-16-33,12.983281204631863,4.046922719963755,0.0,0.0,0.0,0.0,False,False,0.3782435850504836,Level-1,36.3306477592832,127.5515376801568,-9.999999999999979,0.5286150666292275,1.5686949314053857
42,2025-08-30 07:46:00+00:00,2025-08-30 07:48:00+00:00,2.0,aa-44-16-33,8.781855472512392,2.119819930932409,0.0,0.0,0.0,0.0,False,False,0.2887007705367224,Level-1,36.35384908822124,127.5075106116547,-0.2114996793857792,4.999999999999999,0.004968057255493931
43,2025-08-30 07:49:00+00:00,2025-08-30 07:51:00+00:00,2.0,aa-44-16-33,10.234708245769875,1.5738046953338887,0.0,0.0,0.0,0.0,False,False,0.3011655270745977,Level-1,36.38861479093534,127.55153763990724,-1.5602955400402996,3.087553814469049,1.4788658269741253
44,2025-08-30 10:08:00+00:00,2025-08-30 10:10:00+00:00,2.0,aa-44-13-97,8.926157551708025,7.41934831142378,0.0,0.0,0.0,0.0,False,False,0.3755016986870986,Level-1,36.329102862699145,127.52185933285418,-9.999999999999998,0.35221618029614915,0.23139559943647975
45,2025-08-30 10:58:00+00:00,2025-08-30 11:00:00+00:00,2.0,aa-44-16-33,14.141588118475982,1.3489763196842661,0.0,0.0,0.0,0.0,False,False,0.3377479641667416,Level-1,36.330017597127444,127.53849148408979,-9.999999999999998,0.44993872701175935,0.6075965658089788
46,2025-08-30 11:16:00+00:00,2025-08-30 11:18:00+00:00,2.0,aa-44-16-33,5.997785372704663,1.5738046953338907,0.0,0.0,0.0,0.0,False,False,0.21913095608021932,Level-1,36.321720218828844,127.5515376801568,-9.999999999999998,0.5912345731252033,1.1226222843894709
47,2025-08-30 11:21:00+00:00,2025-08-30 11:23:00+00:00,2.0,aa-44-16-29,15.380871938517165,10.56697438295615,0.0,0.0,0.0,0.0,False,False,0.47600875102551143,Level-1,36.32400211568254,127.53515987313932,-9.999999999999975,0.48058143437535455,0.09307234969483967
48,2025-08-30 15:41:00+00:00,2025-08-30 15:43:00+00:00,2.0,aa-44-16-29,6.273043111773165,1.648750247312536,0.0,0.0,0.0,0.0,False,False,0.22734705480169598,Level-1,36.32256821460525,127.5515376801568,-9.999999999999998,0.5966685928219304,1.0725385013680147
49,2025-08-30 20:58:00+00:00,2025-08-30 21:04:00+00:00,6.0,aa-44-16-33,21.07939791619527,8.993169687622258,0.0,0.0,0.0,0.0,False,False,0.48301176043435184,Level-1,36.33527941949345,127.5515376801568,-9.999999999999998,0.5060919906298903,4.27639786590644
50,2025-08-31 01:38:00+00:00,2025-08-31 01:41:00+00:00,3.0,aa-44-13-97,9.128556611653325,4.432350764676864,0.0,0.0,0.0,0.0,False,False,0.3361395008492134,Level-1,36.323299207615044,127.5231884078605,-7.623425132758934,0.5101103358733101,3.521732345675116
51,2025-08-31 01:42:00+00:00,2025-08-31 01:45:00+00:00,3.0,aa-44-16-33,15.852360637850753,2.0234654543860273,0.0,0.0,0.0,0.0,False,False,0.3617213721961462,Level-1,36.336170831291525,127.54503130324977,-3.3251642758495725,1.1841277199843891,3.3373608534163024
52,2025-08-31 01:46:00+00:00,2025-08-31 01:51:00+00:00,5.0,aa-44-13-97,8.179984255067899,3.372442423976718,0.0,0.0,0.0,0.0,False,False,0.3008956349228311,Level-1,36.3197109712085,127.5515376801568,-7.820804391334239,0.7440135019926424,3.372094328965881
53,2025-08-31 01:53:00+00:00,2025-08-31 01:59:00+00:00,6.0,"aa-44-16-29,aa-44-16-33,aa-44-13-97",12.301009669234366,4.046935458124342,0.0,0.6666666666666666,1.0,1.0,False,True,0.37751894972715283,Level-1,36.33288127548809,127.53657112366395,-9.999999999999998,0.3895411426704319,2.15812107884356
54,2025-08-31 02:03:00+00:00,2025-08-31 02:06:00+00:00,3.0,aa-44-16-33,9.305560132248116,2.7943107832453125,0.0,0.0,0.0,0.0,False,False,0.3102742475689913,Level-1,36.32519244238908,127.5144642647524,-7.399754107656601,0.46881193877492594,1.6677680488274627
55,2025-08-31 04:28:00+00:00,2025-08-31 04:30:00+00:00,2.0,aa-44-16-29,7.195119979697024,2.1583665481963235,0.0,0.0,0.0,0.0,False,False,0.2583216936632484,Level-1,36.3205016365709,127.54993545659326,-9.999999999987178,0.5769189701141331,0.631024405454463
56,2025-08-31 05:21:00+00:00,2025-08-31 05:23:00+00:00,2.0,aa-44-13-97,11.525704508329884,2.9227867197564597,0.0,0.0,0.0,0.0,False,False,0.34335748878108674,Level-1,36.33533191061378,127.50892963229363,-2.357962170218407,0.9519847176589863,0.42069788916748374
57,2025-08-31 06:02:00+00:00,2025-08-31 06:04:00+00:00,2.0,aa-44-13-97,7.788884731487841,3.597275962777182,0.0,0.0,0.0,0.0,False,False,0.2972187036373192,Level-1,36.39278111810165,127.5333014764027,-1.4191242438443017,3.173762566132705,0.3588329670955886
58,2025-08-31 06:05:00+00:00,2025-08-31 06:07:00+00:00,2.0,aa-44-13-97,7.8854212345438475,3.009260220070302,0.0,0.0,0.0,0.0,False,False,0.28858578996969425,Level-1,36.33496842774811,127.50195392462761,-2.96088477317985,0.7827974795471584,0.019129715417423424
59,2025-08-31 06:57:00+00:00,2025-08-31 06:59:00+00:00,2.0,aa-44-13-97,6.437623068361149,2.667980872075989,0.0,0.0,0.0,0.0,False,False,0.25073812527459327,Level-1,36.330409913102116,127.51157197534305,-2.9993908249880326,0.945697450350737,0.4185025541100466
60,2025-08-31 07:04:00+00:00,2025-08-31 07:06:00+00:00,2.0,aa-44-13-97,7.445052080139723,1.6072948223580312,0.0,0.0,0.0,0.0,False,False,0.2530226951930629,Level-1,36.326285488739494,127.54382279752997,-9.999999999999998,0.5091805551064447,0.1522103705912875
61,2025-08-31 09:29:00+00:00,2025-08-31 09:31:00+00:00,2.0,aa-44-16-33,6.714973872430195,1.2876625980616376,0.0,0.0,0.0,0.0,False,False,0.2306992533478604,Level-1,36.32400211568254,127.53515987313932,-9.999999999999975,0.48058143437535455,0.09307234969483967
62,2025-08-31 10:07:00+00:00,2025-08-31 10:09:00+00:00,2.0,aa-44-16-33,7.518649237417966,2.1424966592922448,0.0,0.0,0.0,0.0,False,False,0.2648971839856918,Level-1,36.31936903471813,127.5515376801568,-9.999999999999998,0.5840721016296417,1.285056635656256
63,2025-08-31 11:45:00+00:00,2025-08-31 11:48:00+00:00,3.0,aa-44-16-33,6.58009448753592,1.9391576636353764,0.0,0.0,0.0,0.0,False,False,0.2402672450448914,Level-1,36.32970981544903,127.55153768014961,-9.999999999999957,0.5319747603859468,0.9306597051072946
64,2025-08-31 20:10:00+00:00,2025-08-31 20:12:00+00:00,2.0,aa-44-16-29,7.606952585730387,3.1026491227596864,0.0,0.0,0.0,0.0,False,False,0.284655820758326,Level-1,36.32519244188763,127.5144642685344,-3.6998773732340378,0.937623849716157,0.4169420122068613
65,2025-08-31 22:55:00+00:00,2025-08-31 22:57:00+00:00,2.0,aa-44-16-33,9.885635553688253,5.395901812573355,0.0,0.0,0.0,0.0,False,False,0.36339774127684876,Level-1,36.330409913102116,127.51157197534305,-2.9993908249880326,0.945697450350737,0.4185025541100466
66,2025-09-01 01:37:00+00:00,2025-09-01 01:39:00+00:00,2.0,aa-44-16-33,6.049824146686399,2.0234631797150056,0.0,0.0,0.0,0.0,False,False,0.2291307451076762,Level-1,36.30234394480596,127.55153768015678,-1.087612283916762,4.6608708606809275,0.6544690490518381
67,2025-09-01 01:50:00+00:00,2025-09-01 01:52:00+00:00,2.0,aa-44-16-33,8.77320678176647,1.3489754531433396,0.0,0.0,0.0,0.0,False,False,0.2735931195380197,Level-1,36.32659842418425,127.55153768015677,-5.097647788368131,1.0085544528210137,2.300921435499964
68,2025-09-01 04:19:00+00:00,2025-09-01 04:21:00+00:00,2.0,aa-87-15-02,6.809069441348081,1.5175888548274472,0.0,0.0,0.0,0.0,False,False,0.23735893640996097,Level-1,36.32460020451122,127.52386990429297,-9.999999999999998,0.39933697109508975,0.8611956910991058
69,2025-09-01 04:37:00+00:00,2025-09-01 04:39:00+00:00,2.0,aa-87-15-02,7.035637352737918,1.6862155253235886,0.0,0.0,0.0,0.0,False,False,0.24572700652855606,Level-1,36.31502023095181,127.5515376801568,-5.104778046086777,1.1073952779219367,2.0422814126808992
70,2025-09-01 05:53:00+00:00,2025-09-01 05:56:00+00:00,3.0,aa-44-16-33,8.14606962160809,2.0234631797150087,0.0,0.0,0.0,0.0,False,False,0.2751691850292108,Level-1,36.33144572586842,127.5515376801568,-9.999999999999998,0.5340041109685236,0.7774997055890592
71,2025-09-01 05:57:00+00:00,2025-09-01 05:59:00+00:00,2.0,aa-44-16-33,9.473896617647352,2.697950906286675,0.0,0.0,0.0,0.0,False,False,0.31119648567934144,Level-1,36.325669290355236,127.5515376801568,-9.999999999999998,0.5559259006820824,1.0654652213567355
72,2025-09-01 06:05:00+00:00,2025-09-01 06:07:00+00:00,2.0,aa-44-16-33,9.035999380884833,2.0234631797150024,0.0,0.0,0.0,0.0,False,False,0.29124201627090257,Level-1,36.323816707182054,127.55153768015678,-1.2217213254182064,4.999999999999999,0.0030889988725699333
73,2025-09-01 06:08:00+00:00,2025-09-01 06:10:00+00:00,2.0,aa-44-16-33,10.32444489464329,2.312530833744452,0.0,0.0,0.0,0.0,False,False,0.3166538267599848,Level-1,36.318959508370796,127.5515376801567,-9.999999999999998,0.5863108223248861,0.49543303378426495
74,2025-09-01 06:23:00+00:00,2025-09-01 06:26:00+00:00,3.0,aa-44-12-15,5.615999522311229,700000.0000000002,0.0,0.0,0.0,0.0,False,False,0.3782072483483456,Level-1,36.33099094155826,127.52247695915918,-7.584731347233892,0.41804360820525843,0.7933618397031906
75,2025-09-01 06:34:00+00:00,2025-09-01 06:39:00+00:00,5.0,aa-44-12-15,7.695843159823722,650000.0000000003,0.0,0.0,0.0,0.0,False,False,0.4263406853905123,Level-1,36.375970850827905,127.55153766945179,-2.684506651419946,1.2577180130122012,4.562619972217277
76,2025-09-01 07:10:00+00:00,2025-09-01 07:12:00+00:00,2.0,aa-44-12-15,10.606907079744563,12.365636122046588,0.0,0.0,0.0,0.0,False,False,0.44396935904448076,Level-1,36.33360709063941,127.48640390845533,-4.04783308423895,0.5905943269688202,0.49923798636468886
77,2025-09-01 08:53:00+00:00,2025-09-01 08:55:00+00:00,2.0,aa-44-16-33,5.535679437847203,1.5738046953338996,0.0,0.0,0.0,0.0,False,False,0.20733510676995817,Level-1,36.33938908504222,127.44000671440605,-0.11525769714404333,4.999999999999998,2.033694959021487
78,2025-09-01 08:56:00+00:00,2025-09-01 08:58:00+00:00,2.0,aa-44-16-33,5.974874797205926,2.2482924219055707,0.0,0.0,0.0,0.0,False,False,0.23156396852374694,Level-1,36.30234394481126,127.49318986634411,-0.01842707588449942,4.999999999999983,1.6332944006602004
79,2025-09-01 10:04:00+00:00,2025-09-01 10:07:00+00:00,3.0,aa-44-16-29,11.028485326143812,6.744884847953429,0.0,0.0,0.0,0.0,False,False,0.39811689071054807,Level-1,36.35153800175578,127.44000671440605,-5.09084091018553,0.8758261328138048,1.0538600216129552
80,2025-09-01 20:25:00+00:00,2025-09-01 20:27:00+00:00,2.0,aa-44-16-33,6.36767980544055,1.904435430116746,0.0,0.0,0.0,0.0,False,False,0.23457802744810802,Level-1,36.329622763465004,127.5515376801568,-9.788295583334458,0.5345835951235854,1.5257610077741004
81,2025-09-01 23:20:00+00:00,2025-09-01 23:23:00+00:00,3.0,"aa-44-16-29,aa-44-13-97",8.235132537162224,1.8735807625723484,0.0,1.0,0.0,0.0,False,False,0.47398136801561336,Level-1,36.323264033526435,127.52933243093429,-9.999999999999998,0.4291385921975876,0.6794821939797876
82,2025-09-01 23:36:00+00:00,2025-09-01 23:38:00+00:00,2.0,aa-44-16-29,7.418341554239404,2.1583646071371696,0.0,0.0,0.0,0.0,False,False,0.26309744300293747,Level-1,36.323534410945,127.50555604373598,-3.719528204071748,0.7664017875954406,0.01854974324486486
83,2025-09-02 00:46:00+00:00,2025-09-02 00:48:00+00:00,2.0,aa-44-16-29,7.637980667967197,1.5176016498016216,0.0,0.0,0.0,0.0,False,False,0.25527917505854547,Level-1,36.33709137772871,127.44000671440605,-8.825815465651022,0.5448401071790172,0.37255011339372573
84,2025-09-02 01:53:00+00:00,2025-09-02 01:55:00+00:00,2.0,aa-44-13-97,5.77240775919609,2.943225186158992,0.0,0.0,0.0,0.0,False,False,0.23945165448098293,Level-1,36.323793139385025,127.44000671440605,-2.434741447712813,2.0730121073085352,0.5109435928897716
85,2025-09-02 11:08:00+00:00,2025-09-02 11:10:00+00:00,2.0,aa-44-13-97,8.006569876964459,2.248292421905558,0.0,0.0,0.0,0.0,False,False,0.27676457883875283,Level-1,36.32739941990214,127.50433680804369,-4.121556271390983,0.7709002563634595,0.018678974821797832
86,2025-09-02 12:22:00+00:00,2025-09-02 12:24:00+00:00,2.0,aa-44-16-29,6.540503087321848,2.0234654543860184,0.0,0.0,0.0,0.0,False,False,0.24096248344435714,Level-1,36.33119334297566,127.50314127796915,-7.075177089305201,0.3881332341397876,0.07543993936514692
87,2025-09-02 13:50:00+00:00,2025-09-02 13:52:00+00:00,2.0,aa-44-13-97,8.771669224886809,3.2375469107057566,0.0,0.0,0.0,0.0,False,False,0.30932861052812877,Level-1,36.33004756107512,127.44000671440621,-6.735806517095103,0.8062874831725055,1.0103340674807075
88,2025-09-02 14:00:00+00:00,2025-09-02 14:02:00+00:00,2.0,aa-44-16-29,10.933355013354314,1.5565139069329197,0.0,0.0,0.0,0.0,False,False,0.310213601755623,Level-1,36.33004756107512,127.44000671440621,-6.735806517095103,0.8062874831725055,1.0103340674807075
89,2025-09-02 16:41:00+00:00,2025-09-02 16:43:00+00:00,2.0,aa-44-13-97,8.219332110732857,1.6862240553351273,0.0,0.0,0.0,0.0,False,False,0.27005068893731027,Level-1,36.329102862699145,127.52185933285418,-9.999999999999998,0.35221618029614915,0.23139559943647975
90,2025-09-02 16:44:00+00:00,2025-09-02 16:47:00+00:00,3.0,aa-44-16-29,14.658443511712498,1.8885690312450203,0.0,0.0,0.0,0.0,False,False,0.35190224569238265,Level-1,36.39278079971824,127.5084474412604,-0.3794027808607499,4.235309113517763,1.5208718122178901
91,2025-09-02 18:32:00+00:00,2025-09-02 18:34:00+00:00,2.0,aa-44-13-97,6.965326749797858,2.5052465644397635,0.0,0.0,0.0,0.0,False,False,0.25983916732011886,Level-1,36.31988730193392,127.5515376801568,-9.999999999999998,0.5909694652378207,1.022898602168903
92,2025-09-02 19:00:00+00:00,2025-09-02 19:02:00+00:00,2.0,aa-44-16-29,12.314626359225665,1.5619763829170907,0.0,0.0,0.0,0.0,False,False,0.3260389946252977,Level-1,36.32263142408398,127.54176014360073,-9.999999999999998,0.521282543254735,0.764218539208015
93,2025-09-02 21:00:00+00:00,2025-09-02 21:02:00+00:00,2.0,aa-44-16-29,7.896840420816771,1.7168813585927423,0.0,0.0,0.0,0.0,False,False,0.2643846736133481,Level-1,36.33026906430958,127.50490578363768,-4.165435760487695,0.5656208853636375,0.725277945644301
94,2025-09-02 21:05:00+00:00,2025-09-02 21:09:00+00:00,4.0,aa-44-17-41,9.622985719234755,1.7680790999298672,0.0,0.0,0.0,0.0,False,False,0.2958527910965893,Level-1,36.32903833953799,127.5515376801568,-9.347427468732414,0.5504767556852342,2.9386757445835774
95,2025-09-02 21:10:00+00:00,2025-09-02 21:12:00+00:00,2.0,aa-44-17-41,11.570118782855204,1.8943112112225902,0.0,0.0,0.0,0.0,False,False,0.3244617520472228,Level-1,36.318824365251224,127.55153757703306,-8.633938457585954,0.6840537706652041,0.23162883091500233
96,2025-09-02 21:19:00+00:00,2025-09-02 21:23:00+00:00,4.0,aa-44-16-33,11.256727661883774,4.215553029970893,0.0,0.0,0.0,0.0,False,False,0.3629845506902014,Level-1,36.320297504646845,127.53099466177446,-9.999999999999998,0.4226159939822599,2.3206800263346063
97,2025-09-02 21:25:00+00:00,2025-09-02 21:27:00+00:00,2.0,aa-44-13-97,9.7772220699735,2.4526876551324914,0.0,0.0,0.0,0.0,False,False,0.31132058217497116,Level-1,36.318191384752225,127.44000671440605,-0.9373883041030239,4.999999999991765,0.6393549141357178
98,2025-09-03 00:20:00+00:00,2025-09-03 00:22:00+00:00,2.0,aa-44-16-33,5.531247898931324,2.3981821779091512,0.0,0.0,0.0,0.0,False,False,0.2230652876189188,Level-1,36.34098785201186,127.5515376801568,-0.2701678169709831,4.999999999996693,1.3550263518794556
99,2025-09-03 00:24:00+00:00,2025-09-03 00:29:00+00:00,5.0,"aa-44-16-33,aa-44-17-41",7.468404813413577,3.5651585724719697,0.0,1.0,1.0,0.0,False,False,0.640069370161698,Level-2,36.32350359144043,127.52579656506303,-9.99999999999961,0.36967796145359705,1.9912376488767034
100,2025-09-03 05:15:00+00:00,2025-09-03 05:17:00+00:00,2.0,aa-44-13-97,6.820065945401877,3.5972678750488765,0.0,0.0,0.0,0.0,False,False,0.27648249205492564,Level-1,36.316367913904614,127.5515376801568,-1.1329717118210567,4.9999999999992,0.4106573777056458
101,2025-09-03 07:46:00+00:00,2025-09-03 07:49:00+00:00,3.0,"aa-44-16-33,aa-44-17-41",7.20444692444168,2.398182177909141,0.0,1.0,0.0,0.0,False,False,0.46307944626142666,Level-1,36.32355293217859,127.5515376801568,-9.999999999999998,0.5398003335672069,3.9652842445297334
102,2025-09-03 07:51:00+00:00,2025-09-03 07:53:00+00:00,2.0,aa-44-16-29,9.016550240029538,2.1583646071371745,0.0,0.0,0.0,0.0,False,False,0.2934952016264349,Level-1,36.30234394480633,127.5515376801568,-1.5660432247105465,3.314203914469521,1.4777283776686763
103,2025-09-03 11:28:00+00:00,2025-09-03 11:31:00+00:00,3.0,aa-44-16-29,10.551661344435042,1.8678166883195044,0.0,0.0,0.0,0.0,False,False,0.3112602504280533,Level-1,36.30234394480633,127.44687412848812,-0.7133210473467265,4.999999999999841,3.442946079640653
104,2025-09-03 12:28:00+00:00,2025-09-03 12:30:00+00:00,2.0,aa-44-13-97,6.748591695204306,2.023466819191099,0.0,0.0,0.0,0.0,False,False,0.24578441022073952,Level-1,36.32769833331901,127.51357569678267,-8.913575473255351,0.3665675982583164,0.2195070939821406
105,2025-09-03 14:50:00+00:00,2025-09-03 14:52:00+00:00,2.0,aa-44-13-97,8.391058278521944,2.02346772906217,0.0,0.0,0.0,0.0,False,False,0.27979323003516876,Level-1,36.329546142247,127.51094925774365,-3.6258126633371566,0.6525846946229437,1.2015045332232366
106,2025-09-03 15:51:00+00:00,2025-09-03 15:54:00+00:00,3.0,"aa-44-16-29,aa-44-13-97",10.972526625200361,1.5565139069329197,0.0,1.0,0.0,0.0,False,False,0.5107097900298443,Level-1,36.335207465975486,127.4950793106276,-2.5129649831024348,0.685638033454883,1.3550186485623983
107,2025-09-03 16:09:00+00:00,2025-09-03 16:12:00+00:00,3.0,aa-44-16-29,8.6613955116135,1.348978486041449,0.0,0.0,0.0,0.0,False,False,0.27160969652551337,Level-1,36.3234619418711,127.52770200289085,-6.46402216155048,0.6531136171820826,0.3467535369669088
108,2025-09-03 17:30:00+00:00,2025-09-03 17:32:00+00:00,2.0,aa-44-16-29,7.669480469566225,1.798637981388587,0.0,0.0,0.0,0.0,False,False,0.26139274746543073,Level-1,36.336603113861955,127.55153768015677,-2.0822860037284534,2.177047007901653,0.5531360502016577
109,2025-09-03 17:53:00+00:00,2025-09-03 17:55:00+00:00,2.0,aa-44-16-29,7.545631775333496,3.1884939516722257,0.0,0.0,0.0,0.0,False,False,0.2849454212083946,Level-1,36.38140665773161,127.44000671441121,-1.484397897438999,2.799967888016991,1.5224728015521105
110,2025-09-03 21:25:00+00:00,2025-09-03 21:27:00+00:00,2.0,aa-44-13-97,7.967529971973036,3.757866225743695,0.0,0.0,0.0,0.0,False,False,0.3035847221061058,Level-1,36.326486065264426,127.46240794604985,-2.4593762797491396,1.4949392694458221,0.4085876772197226
111,2025-09-03 21:28:00+00:00,2025-09-03 21:30:00+00:00,2.0,aa-44-13-97,13.364298349866807,4.343708771863558,0.0,0.0,0.0,0.0,False,False,0.386577749065425,Level-1,36.334440102989326,127.47085598888066,-3.3701412316754746,0.7472056241464774,1.6379310728298158
112,2025-09-03 21:31:00+00:00,2025-09-03 21:33:00+00:00,2.0,aa-44-13-97,18.11367573681537,6.475093821411519,0.0,0.0,0.0,0.0,False,False,0.44578790465385165,Level-1,36.39278111810161,127.5515376801568,-0.3769815426411151,4.648672154947952,1.8679077428812485
113,2025-09-03 21:41:00+00:00,2025-09-03 21:44:00+00:00,3.0,aa-44-13-97,9.778449575951674,6.596738123532115,0.0,0.0,0.0,0.0,False,False,0.3788752805495649,Level-1,36.354350272725775,127.49029912942926,0.507514426095616,2.3589535485764803,1.350305990687392
114,2025-09-03 21:45:00+00:00,2025-09-03 21:49:00+00:00,4.0,aa-44-13-97,14.349177645663675,10.27299178575729,0.0,0.0,0.0,0.0,False,False,0.4669990704240291,Level-1,36.33015212534711,127.50518392042736,-9.999999999999828,0.26772159084695724,4.09628572831269
115,2025-09-03 22:10:00+00:00,2025-09-03 22:12:00+00:00,2.0,aa-44-13-97,6.324132803009519,8.15428142056038,0.0,0.0,0.0,0.0,False,False,0.3304138609144719,Level-1,36.33443996052093,127.47085706643284,-1.6850315559688485,1.4944127129262765,0.4094827681949482
116,2025-09-03 23:33:00+00:00,2025-09-03 23:36:00+00:00,3.0,aa-44-16-33,9.561495215505266,12.815237992459233,0.0,0.0,0.0,0.0,False,False,0.4312721246502139,Level-1,36.34026739728844,127.44000671440605,-1.276738282383952,2.6349020590432426,3.3364566929272756
117,2025-09-04 01:10:00+00:00,2025-09-04 01:13:00+00:00,3.0,aa-44-16-29,7.832948902637726,9.442806941812067,0.0,0.0,0.0,0.0,False,False,0.37654440324734245,Level-1,36.33224190994349,127.4921202720898,-5.277319894880421,0.4700945630372697,0.08187673971854169
118,2025-09-04 03:53:00+00:00,2025-09-04 03:57:00+00:00,4.0,aa-44-16-33,9.567860411891786,3.372431050647167,0.0,0.0,0.0,0.0,False,False,0.32499673188023936,Level-1,36.35153800175578,127.44000671440605,-5.09084091018553,0.8758261328138048,1.0538600216129552
119,2025-09-04 07:05:00+00:00,2025-09-04 07:07:00+00:00,2.0,aa-44-16-33,8.168816561029226,1.6862212119883573,0.0,0.0,0.0,0.0,False,False,0.2690875505955344,Level-1,36.326672436090725,127.54031127263167,-9.999999999999709,0.48399713636783265,0.6810622802069087
120,2025-09-04 09:07:00+00:00,2025-09-04 09:09:00+00:00,2.0,aa-44-16-29,6.435140891278913,2.023465454386034,0.0,0.0,0.0,0.0,False,False,0.23847650756375494,Level-1,36.323816707182054,127.55153768015678,-1.2217213254182064,4.999999999999999,0.0030889988725699333
121,2025-09-04 10:17:00+00:00,2025-09-04 10:19:00+00:00,2.0,aa-44-16-29,13.01763653679607,2.697953939181377,0.0,0.0,0.0,0.0,False,False,0.3544486602775493,Level-1,36.333177997806764,127.44000671440605,-8.937671857325133,0.5672346091344326,0.24098273785635071
122,2025-09-04 10:22:00+00:00,2025-09-04 10:26:00+00:00,4.0,aa-44-13-97,11.597467817495211,2.6979557589214727,0.0,0.0,0.0,0.0,False,False,0.3400219913348529,Level-1,36.33897053875994,127.5515376801568,-9.999999999999995,0.49054996056094935,1.175169772409909
123,2025-09-04 10:30:00+00:00,2025-09-04 10:33:00+00:00,3.0,aa-44-16-29,11.047967302860062,2.697953939181374,0.0,0.0,0.0,0.0,False,False,0.33346228122737964,Level-1,36.32673509380099,127.44000671440607,-8.330530058319074,0.6274709344428292,2.6023379597372545
124,2025-09-04 10:36:00+00:00,2025-09-04 10:41:00+00:00,5.0,aa-44-16-29,13.37521272524546,3.9120358504361232,0.0,0.0,0.0,0.0,False,False,0.37935593284609,Level-1,36.33877280729312,127.5515376801568,0.8868465666131828,4.999999999999627,4.980781868941568
125,2025-09-04 10:46:00+00:00,2025-09-04 10:48:00+00:00,2.0,aa-44-16-29,8.896985075552694,2.0234668191910954,0.0,0.0,0.0,0.0,False,False,0.28886158230091785,Level-1,36.3237791506954,127.50008279326643,-2.089032429928569,1.271673652946655,1.237116906769866
126,2025-09-04 15:24:00+00:00,2025-09-04 15:26:00+00:00,2.0,aa-44-16-33,6.857927266256197,1.888563935983079,0.0,0.0,0.0,0.0,False,False,0.2456738653531394,Level-1,36.33642421722209,127.44000671440605,-0.1699423957287809,4.822522790351369,1.9831677483305596
127,2025-09-04 19:19:00+00:00,2025-09-04 19:25:00+00:00,6.0,aa-44-12-15,118.85824749436955,45.1906776803018,0.0,0.0,0.0,0.0,False,False,0.5499524887652628,Level-1,36.34319623590461,127.44000671440605,-9.999999744440393,0.4533123539257045,1.6029719693295275
128,2025-09-04 19:26:00+00:00,2025-09-04 19:31:00+00:00,5.0,aa-44-12-15,134.39108990550872,13.426727887502913,0.0,0.0,0.0,0.0,False,False,0.5244625447815279,Level-1,36.36905040716365,127.55153767992219,-1.1809387343466085,1.7284018320837378,3.7914495661461007
129,2025-09-04 19:36:00+00:00,2025-09-04 19:42:00+00:00,6.0,"aa-44-17-41,aa-44-13-97,aa-44-12-15",56.879546629783235,16.997121281205246,0.0,1.0,1.0,1.0,False,True,0.4935332934911939,Level-1,36.39278111810165,127.5515376801568,0.06481711046975708,4.999999999999999,4.4194873831768495
130,2025-09-04 22:12:00+00:00,2025-09-04 22:14:00+00:00,2.0,aa-44-13-97,12.597481765498152,13.040115592381,0.0,0.0,0.0,0.0,False,False,0.4703985953048,Level-1,36.30234394480594,127.55153768015643,-0.9799311724452155,4.999999999999965,1.6912251519386274
131,2025-09-04 22:38:00+00:00,2025-09-04 22:42:00+00:00,4.0,aa-44-13-97,25.858965327123546,26.035273073592144,0.0,0.0,0.0,0.0,False,False,0.543871165680406,Level-1,36.30876751966501,127.44000671440605,-1.0057630957395745,4.123210694392979,3.4378730825389545
132,2025-09-05 02:06:00+00:00,2025-09-05 02:08:00+00:00,2.0,aa-87-15-02,6.430960919610466,2.6979448405177417,0.0,0.0,0.0,0.0,False,False,0.2511381040580206,Level-1,36.3023439448068,127.44000671441454,-0.7978292919642668,4.99999999999985,1.5176590771727614
133,2025-09-05 07:08:00+00:00,2025-09-05 07:10:00+00:00,2.0,aa-44-16-29,6.681445315826019,3.372438632858356,0.0,0.0,0.0,0.0,False,False,0.2693182344969921,Level-1,36.315641200561515,127.44000671440605,-1.0739131254451668,4.123382921114246,1.6111168722300477
134,2025-09-05 07:34:00+00:00,2025-09-05 07:36:00+00:00,2.0,aa-44-13-97,7.480047551510538,3.5410645451755496,0.0,0.0,0.0,0.0,False,False,0.28988745122447407,Level-1,36.34722289965918,127.5515376801568,-0.4199128039494241,4.9999999999989715,1.6083394381316805
135,2025-09-05 08:09:00+00:00,2025-09-05 08:11:00+00:00,2.0,aa-44-16-33,8.22030415125361,4.169569013725245,0.0,0.0,0.0,0.0,False,False,0.3155334552376347,Level-1,36.33400332931372,127.5515376801568,-0.1399455731781483,4.999999999998947,2.0324408338257585
136,2025-09-05 10:10:00+00:00,2025-09-05 10:12:00+00:00,2.0,aa-44-17-41,12.801295963515347,7.756626294738301,0.0,0.0,0.0,0.0,False,False,0.4298238273564753,Level-1,36.339187228159055,127.44191316618775,-5.474157840970211,0.7972021520318889,0.852698511663011
137,2025-09-05 10:15:00+00:00,2025-09-05 10:17:00+00:00,2.0,aa-44-16-33,9.076408947390261,2.99772772238643,0.0,0.0,0.0,0.0,False,False,0.3102202416601785,Level-1,36.30234394480594,127.44000671440605,-1.0030912896992956,3.987356574207156,2.0717472575997586
138,2025-09-05 10:31:00+00:00,2025-09-05 10:34:00+00:00,3.0,aa-44-17-41,12.173522395043356,9.475516996171155,0.0,0.0,0.0,0.0,False,False,0.4413395185300262,Level-1,36.39278111810165,127.5515376801568,-0.6016471775519735,2.947011039953771,4.051216328739147
139,2025-09-06 06:57:00+00:00,2025-09-06 06:59:00+00:00,2.0,aa-44-16-29,7.023219044976874,2.866576060380206,0.0,0.0,0.0,0.0,False,False,0.267854946105907,Level-1,36.39278111810165,127.44000671440605,-1.127988960248421,3.4072631218730787,1.2570175818816722
140,2025-09-06 10:17:00+00:00,2025-09-06 10:21:00+00:00,4.0,aa-44-17-41,22.908217971412583,11.691120593908936,0.0,0.0,0.0,0.0,False,False,0.5077034521924224,Level-1,36.392781117985045,127.52942199293132,-0.3307786483309006,4.428577081808572,0.26322464852597066
141,2025-09-06 21:14:00+00:00,2025-09-06 21:17:00+00:00,3.0,aa-87-15-02,8.798883069228033,3.0351879455824515,0.0,0.0,0.0,0.0,False,False,0.3061330724419393,Level-1,36.38326743099628,127.5515376801568,0.19582109854616356,4.999999999999999,4.390460040100255
142,2025-09-06 23:34:00+00:00,2025-09-06 23:39:00+00:00,5.0,aa-44-13-97,18.662663250708498,9.105563836747365,0.0,0.0,0.0,0.0,False,False,0.4779188882828607,Level-1,36.38179090407942,127.551537680128,-0.5924078189027835,2.6505560520706886,3.9511992506764066
143,2025-09-07 02:22:00+00:00,2025-09-07 02:26:00+00:00,4.0,aa-44-16-29,30.797092544744263,29.677433279734107,0.0,0.0,0.0,0.0,False,False,0.5474688973332549,Level-1,36.38662092494288,127.5515376801017,-0.731951233551352,2.8096555523308044,4.267768160238175
144,2025-09-07 05:20:00+00:00,2025-09-07 05:22:00+00:00,2.0,aa-44-17-41,7.855267884713965,2.922780148477233,0.0,0.0,0.0,0.0,False,False,0.2863996559075182,Level-1,36.39278111810165,127.5333014764027,-1.4191242438443017,3.173762566132705,0.3588329670955886
145,2025-09-07 06:36:00+00:00,2025-09-07 06:38:00+00:00,2.0,aa-44-16-29,7.267146852800684,1.573804695333891,0.0,0.0,0.0,0.0,False,False,0.2485867294804226,Level-1,36.34431811664806,127.5515376801568,-0.2591945994671033,4.999999999999885,2.347063770079529
146,2025-09-07 09:49:00+00:00,2025-09-07 09:52:00+00:00,3.0,aa-44-16-29,15.790398075634942,5.641181606804741,0.0,0.0,0.0,0.0,False,False,0.4236634409972012,Level-1,36.392781118100714,127.5515376801568,-1.4890421271062124,2.5425087976991447,3.8321802346947424
147,2025-09-07 10:10:00+00:00,2025-09-07 10:12:00+00:00,2.0,aa-44-13-97,6.254680723238603,2.505241736556482,0.0,0.0,0.0,0.0,False,False,0.24330557518434426,Level-1,36.30234394480606,127.44000671440605,-1.0440581853095323,3.582324537670619,2.5726753049732487
148,2025-09-07 19:41:00+00:00,2025-09-07 19:43:00+00:00,2.0,aa-44-16-29,7.43775649446749,2.4281601830293154,0.0,0.0,0.0,0.0,False,False,0.2686280813411833,Level-1,36.32647654875517,127.5515376801568,-9.999999999966214,0.5612355242778714,1.2426532113615683
149,2025-09-07 19:48:00+00:00,2025-09-07 19:52:00+00:00,4.0,aa-44-16-29,13.110432371954095,3.2975004946250657,0.0,0.0,0.0,0.0,False,False,0.36624793358526264,Level-1,36.36349926843678,127.5515376801568,0.5467147277021945,4.999999999999994,3.4696182840153678
150,2025-09-07 20:58:00+00:00,2025-09-07 21:00:00+00:00,2.0,aa-44-12-15,5.93243415647231,2.0984094056705,0.0,0.0,0.0,0.0,False,False,0.22764135338319613,Level-1,36.334649000517906,127.5515376801568,-7.354175690390121,0.7080661174409144,0.28278819934362287
151,2025-09-09 04:43:00+00:00,2025-09-09 04:45:00+00:00,2.0,aa-44-16-29,6.884139325928752,1.6187734553528865,0.0,0.0,0.0,0.0,False,False,0.24103235103632573,Level-1,36.33939825593017,127.44000671440615,-2.121249190622265,1.8872748589454162,2.2746236855622883
152,2025-09-09 08:51:00+00:00,2025-09-09 08:55:00+00:00,4.0,aa-44-17-41,22.31775850760067,8.12845026772001,0.0,0.0,0.0,0.0,False,False,0.4762582473899333,Level-1,36.33328023323204,127.44000671440605,0.020977659855263026,4.999999999999999,5.5648765050923075
153,2025-09-09 19:11:00+00:00,2025-09-09 19:13:00+00:00,2.0,aa-44-13-97,7.79755671357935,1.888569031245034,0.0,0.0,0.0,0.0,False,False,0.2657268889328438,Level-1,36.34230786013649,127.44000671440605,-2.1761370253520274,1.9442476648085145,1.4799481839320674
154,2025-09-11 09:51:00+00:00,2025-09-11 09:56:00+00:00,5.0,aa-44-13-97,62.07222166907018,40.80641571283072,0.0,0.0,0.0,0.0,False,False,0.5498829926060322,Level-1,36.30234394480594,127.44000671440605,-1.0030912896992956,3.987356574207156,2.0717472575997586
155,2025-09-11 10:02:00+00:00,2025-09-11 10:07:00+00:00,5.0,aa-44-13-97,51.154128293974914,30.833744449925955,0.0,0.0,0.0,0.0,False,False,0.5491373101811721,Level-1,36.30234394480594,127.5515376801568,-3.2628362836905698,1.5536238118412553,5.890221441466339
156,2025-09-11 10:08:00+00:00,2025-09-11 10:10:00+00:00,2.0,aa-44-13-97,46.450984006826125,31.47614108505755,0.0,0.0,0.0,0.0,False,False,0.5491987025104323,Level-1,36.392781117985045,127.52942199293132,-0.3307786483309006,4.428577081808572,0.26322464852597066
157,2025-09-11 10:17:00+00:00,2025-09-11 10:19:00+00:00,2.0,aa-44-13-97,13.582056398758192,9.083125890326208,0.0,0.0,0.0,0.0,False,False,0.45065595588745044,Level-1,36.39278111810165,127.44000671440605,-1.127988960248421,3.4072631218730787,1.2570175818816722
158,2025-09-11 10:26:00+00:00,2025-09-11 10:28:00+00:00,2.0,aa-44-13-97,5.450404348325922,10.65466271819195,0.0,0.0,0.0,0.0,False,False,0.3314272668417275,Level-1,36.34529522333142,127.44000671440605,-2.2687718406352126,1.9840944194526804,1.4978085693977055
159,2025-09-11 10:47:00+00:00,2025-09-11 10:51:00+00:00,4.0,aa-44-13-97,21.7832389320632,16.330415190389697,0.0,0.0,0.0,0.0,False,False,0.5264374076871171,Level-1,36.30234394480639,127.55153768014753,-1.4705311040106073,3.462316847635543,2.4935476512775328
160,2025-09-11 23:16:00+00:00,2025-09-11 23:20:00+00:00,4.0,aa-44-13-97,104.11699502237835,155.13182832976932,0.0,0.0,0.0,0.0,False,False,0.5499999993666848,Level-1,36.358170423082306,127.5515376801568,0.5703090665364502,4.999999999968933,6.488410299379989
161,2025-09-11 23:23:00+00:00,2025-09-11 23:28:00+00:00,5.0,aa-44-13-97,447.1160041234459,232.02356927792107,0.0,0.0,0.0,0.0,False,False,0.55,Level-1,36.392777698708414,127.50278416323214,1.083450954073652,4.658080116576412,10.672946276231814
162,2025-09-11 23:32:00+00:00,2025-09-11 23:34:00+00:00,2.0,aa-44-13-97,376.39161406359557,311.73108349782217,0.0,0.0,0.0,0.0,False,False,0.55,Level-1,36.3244070945403,127.44000671440605,-2.287993679086132,2.1724415176767984,1.5478579794092449
163,2025-09-11 23:39:00+00:00,2025-09-11 23:41:00+00:00,2.0,aa-44-13-97,69.4120109853071,48.7130754887795,0.0,0.0,0.0,0.0,False,False,0.5499758559694241,Level-1,36.370019249708676,127.44000671440605,-1.7874383502776954,2.2548927704592168,1.4196971294933816
164,2025-09-12 05:09:00+00:00,2025-09-12 05:12:00+00:00,3.0,aa-44-13-97,27.20772508652562,64.18032336091134,0.0,0.0,0.0,0.0,False,False,0.5469790705205623,Level-1,36.30234394480594,127.46290413053516,0.6280588380990788,4.99999999999983,2.1155235409362168
165,2025-09-12 05:24:00+00:00,2025-09-12 05:26:00+00:00,2.0,aa-44-13-97,8.899218015600747,22.667803342022722,0.0,0.0,0.0,0.0,False,False,0.4447230126363569,Level-1,36.373397362264754,127.44000671440605,-2.514784530028306,2.0098971124433764,0.34585430177261295
166,2025-09-12 05:47:00+00:00,2025-09-12 05:49:00+00:00,2.0,aa-44-16-33,6.336547444941637,1.348972420258868,0.0,0.0,0.0,0.0,False,False,0.22301426040685204,Level-1,36.359190369666166,127.44000671440605,-2.821363808931946,1.5980476925789766,1.456829460523375
167,2025-09-12 06:16:00+00:00,2025-09-12 06:19:00+00:00,3.0,aa-44-13-97,11.728513266506726,10.640017491207685,0.0,0.0,0.0,0.0,False,False,0.4462525612677898,Level-1,36.30234394507171,127.44000671440605,0.2021707116853396,4.999999999999999,1.478101780664965
168,2025-09-12 06:37:00+00:00,2025-09-12 06:39:00+00:00,2.0,aa-44-13-97,5.723752050115728,3.751114980470139,0.0,0.0,0.0,0.0,False,False,0.25267644122020677,Level-1,36.35919024415612,127.44000671440605,-1.41068742221717,3.196083833587793,0.3642073651304494
169,2025-09-12 07:45:00+00:00,2025-09-12 07:47:00+00:00,2.0,aa-44-13-97,15.744277577857336,55.51566268060755,0.0,0.0,0.0,0.0,False,False,0.5211984956307549,Level-1,36.328275183891954,127.48436817220303,-5.08903939341454,0.5905809459660208,0.4998614228596271
170,2025-09-12 08:37:00+00:00,2025-09-12 08:43:00+00:00,6.0,aa-44-16-33,139.77496989393566,50.893060865813034,0.0,0.0,0.0,0.0,False,False,0.5499848110268625,Level-1,36.34228345146866,127.45287471436686,-9.999999999999998,0.34548359447969734,5.712231911552056
171,2025-09-12 08:47:00+00:00,2025-09-12 08:52:00+00:00,5.0,aa-44-16-33,75.40505611676531,31.48966083708677,0.0,0.0,0.0,0.0,False,False,0.5492651120890223,Level-1,36.36250999473532,127.44000671440641,-1.2546622985162812,1.4414106826106272,11.889874786543785
172,2025-09-12 08:54:00+00:00,2025-09-12 08:56:00+00:00,2.0,aa-44-16-33,57.097626920631114,12.545494278984789,0.0,0.0,0.0,0.0,False,False,0.519903205592678,Level-1,36.31909010882444,127.5515376801568,-9.99999999999998,0.5857653615053475,0.6345409983934647
173,2025-09-12 09:07:00+00:00,2025-09-12 09:12:00+00:00,5.0,aa-44-16-33,12.910144084134986,13.939454802441947,0.0,0.0,0.0,0.0,False,False,0.4775943761082416,Level-1,36.39277059995366,127.5159656772805,1.5946634736977605,3.7975825351307764,6.911878566413226
174,2025-09-12 10:26:00+00:00,2025-09-12 10:28:00+00:00,2.0,aa-44-16-33,6.5518624722658165,6.158470422491194,0.0,0.0,0.0,0.0,False,False,0.31094881315446626,Level-1,36.33695052667311,127.5515376801568,-1.293874264088226,2.8625910827824144,0.5471481385072974
175,2025-09-12 18:08:00+00:00,2025-09-12 18:10:00+00:00,2.0,aa-44-17-41,6.213241870872981,1.6187734553528783,0.0,0.0,0.0,0.0,False,False,0.22531287621538054,Level-1,36.3204678086791,127.5515376801568,-9.999999999974545,0.5882368022948308,1.2085296702118045
176,2025-09-12 18:17:00+00:00,2025-09-12 18:19:00+00:00,2.0,aa-44-13-97,7.558753721534809,1.888569031245032,0.0,0.0,0.0,0.0,False,False,0.26085299857025385,Level-1,36.331579583451635,127.44000671440605,-1.311242020411469,2.3334093546602306,1.3402037714707924
177,2025-09-12 20:37:00+00:00,2025-09-12 20:39:00+00:00,2.0,aa-44-16-33,8.595397907967921,1.6862231075518126,0.0,0.0,0.0,0.0,False,False,0.2770155913267125,Level-1,36.33671707904821,127.44000671440608,-6.602048735314175,0.7752247175077955,1.0034981214831442
178,2025-09-13 00:10:00+00:00,2025-09-13 00:12:00+00:00,2.0,aa-44-12-15,13.895901808310672,24.281339790371078,0.0,0.0,0.0,0.0,False,False,0.505990478224139,Level-1,36.3322551545976,127.5515376801568,-9.99999999999996,0.5396163654292214,0.8010388459538766
179,2025-09-13 01:54:00+00:00,2025-09-13 01:56:00+00:00,2.0,aa-87-15-02,7.230068125796786,3.372419677394325,0.0,0.0,0.0,0.0,False,False,0.2815715017766177,Level-1,36.32647654875517,127.5515376801568,-9.999999999966214,0.5612355242778714,1.2426532113615683
180,2025-09-13 03:22:00+00:00,2025-09-13 03:24:00+00:00,2.0,aa-44-17-41,6.098113095975066,2.6979448405177373,0.0,0.0,0.0,0.0,False,False,0.24308470984221667,Level-1,36.331193342319274,127.50314128339608,-2.5375891604136176,0.7762663850090359,0.018859984841281912
181,2025-09-13 03:25:00+00:00,2025-09-13 03:28:00+00:00,3.0,"aa-87-15-02,aa-44-13-97",6.807134374907922,3.6614789291523113,0.0,0.0,0.0,0.0,False,False,0.2773175989590653,Level-1,36.32341287364255,127.5515376801568,-9.999999999999998,0.5485413412467361,0.8479503758931103
182,2025-09-13 03:29:00+00:00,2025-09-13 03:31:00+00:00,2.0,"aa-44-17-41,aa-44-12-15",10.189776149678542,3.372431050647169,0.0,1.0,0.0,0.0,False,False,0.5343102118271902,Level-1,36.32968311714635,127.54621915061075,-9.999999999999998,0.49531360070056263,0.4307311179548276
183,2025-09-13 03:35:00+00:00,2025-09-13 03:37:00+00:00,2.0,aa-44-16-29,9.286780140161738,2.3607017354530186,0.0,0.0,0.0,0.0,False,False,0.30184802071567246,Level-1,36.32842742783681,127.44000671440608,-4.407188931063144,1.2009430633123364,1.3485048857910757
184,2025-09-13 03:40:00+00:00,2025-09-13 03:43:00+00:00,3.0,"aa-44-16-29,aa-44-17-41",14.512105265126433,10.11729315194152,0.0,1.0,0.0,0.0,False,False,0.6668714581967925,Level-1,36.37292503662823,127.55153768015677,-2.268235052752254,1.8211290342244832,0.38882176026974846
185,2025-09-13 06:49:00+00:00,2025-09-13 06:53:00+00:00,4.0,aa-44-16-33,11.361820961532313,5.395901812573355,0.0,0.0,0.0,0.0,False,False,0.3831291083098656,Level-1,36.36623028599497,127.44000671440605,0.08794425187400128,4.083524876223423,5.487554248658188
186,2025-09-13 06:57:00+00:00,2025-09-13 07:04:00+00:00,7.0,"aa-44-16-29,aa-44-16-33,aa-44-17-41,aa-44-13-97,aa-44-12-15",16.131970405336027,7.419364992288359,0.0,1.0,1.0,0.0,False,True,0.39966681161059653,Level-1,36.3330114934274,127.49486137741205,-9.999999999999998,0.20696700998823914,4.265677818696749
187,2025-09-13 07:06:00+00:00,2025-09-13 07:12:00+00:00,6.0,"aa-44-17-41,aa-44-13-97",8.318115339302098,2.697950906286671,0.0,1.0,1.0,0.0,False,False,0.6411934615594295,Level-2,36.3158417276503,127.54580819450129,-9.999999999999854,0.4382866608192087,2.481192179318456
188,2025-09-13 07:13:00+00:00,2025-09-13 07:16:00+00:00,3.0,"aa-44-16-33,aa-44-13-97",9.132580917625143,4.271755601620553,0.0,0.0,0.0,0.0,False,False,0.3335339640934918,Level-1,36.38181652451376,127.55153768012674,0.1802876807147615,4.873123507141766,3.3162688979535537
189,2025-09-13 09:06:00+00:00,2025-09-13 09:11:00+00:00,5.0,aa-44-17-41,19.023459408753485,9.062957874508019,0.0,0.0,0.0,0.0,False,False,0.47862316459006526,Level-1,36.33418080185707,127.5515376801568,-9.999999999999998,0.467659170375032,3.827353257959721
190,2025-09-13 13:28:00+00:00,2025-09-13 13:30:00+00:00,2.0,aa-44-17-41,14.360272512259703,8.405175097437768,0.0,0.0,0.0,0.0,False,False,0.44972991702706955,Level-1,36.325540653919084,127.54843363390495,-9.999999999999998,0.5349497060726084,0.5246682227156022
191,2025-09-14 05:24:00+00:00,2025-09-14 05:26:00+00:00,2.0,aa-44-16-33,6.696183875877734,1.8885639359830766,0.0,0.0,0.0,0.0,False,False,0.24198361568051893,Level-1,36.35213579764193,127.55153768015678,0.5821122042845248,4.999999999998359,0.5382928691282551
192,2025-09-14 07:31:00+00:00,2025-09-14 07:33:00+00:00,2.0,aa-44-17-41,6.8937362781040425,2.0234668191910954,0.0,0.0,0.0,0.0,False,False,0.24907871689144173,Level-1,36.39278111810165,127.5515376801568,-0.43422611923836507,4.482445364755474,0.8264527730976828
193,2025-09-14 08:08:00+00:00,2025-09-14 08:12:00+00:00,4.0,aa-44-13-97,66.2722507636851,64.75089454035262,0.0,0.0,0.0,0.0,False,False,0.5499978229159178,Level-1,36.34235473859211,127.4444128464618,-9.999999999979993,0.43041441880390413,3.031704314077899
194,2025-09-14 08:17:00+00:00,2025-09-14 08:19:00+00:00,2.0,aa-44-13-97,6.070736630277049,2.1583646071371745,0.0,0.0,0.0,0.0,False,False,0.23223159381062852,Level-1,36.339187228159055,127.44191316618775,-5.474157840970211,0.7972021520318889,0.852698511663011
195,2025-09-14 08:23:00+00:00,2025-09-14 08:26:00+00:00,3.0,aa-44-13-97,14.731912645863444,9.307947368279054,0.0,0.0,0.0,0.0,False,False,0.46125740918480373,Level-1,36.335988095096745,127.45723282557357,-9.999999999997414,0.36668882195280644,1.0259712264537004
196,2025-09-14 16:09:00+00:00,2025-09-14 16:11:00+00:00,2.0,aa-44-16-33,6.328779515192272,2.768950269653149,0.0,0.0,0.0,0.0,False,False,0.2500165398932848,Level-1,36.329733503917026,127.5515376801568,-2.2734303557161506,1.8836357611489671,1.342978356913762
197,2025-09-14 20:58:00+00:00,2025-09-14 21:00:00+00:00,2.0,aa-44-12-15,7.554518930331375,4.1818314263282685,0.0,0.0,0.0,0.0,False,False,0.302516321377239,Level-1,36.323793139385025,127.44000671440605,-2.434741447712813,2.0730121073085352,0.5109435928897716
198,2025-09-14 21:23:00+00:00,2025-09-14 21:27:00+00:00,4.0,aa-44-16-33,8.533075491795255,3.3724386328583362,0.0,0.0,0.0,0.0,False,False,0.3074806346459913,Level-1,36.39278111810165,127.5515376801568,-3.5615843258743163,1.5176678351157395,3.2681042254017068
199,2025-09-14 21:32:00+00:00,2025-09-14 21:34:00+00:00,2.0,aa-44-16-33,6.236489019373117,1.8548433331871954,0.0,0.0,0.0,0.0,False,False,0.23045943200205254,Level-1,36.33782957152013,127.48250886828612,-2.080086819658653,0.99875007938372,0.18303830029540488
200,2025-09-14 21:39:00+00:00,2025-09-14 21:43:00+00:00,4.0,aa-44-12-15,12.567448647939159,8.768360159269413,0.0,0.0,0.0,0.0,False,False,0.4385236158732727,Level-1,36.32897449922999,127.4977613494867,-9.99999999985215,0.2619439930562646,1.263177370960093
201,2025-09-14 22:07:00+00:00,2025-09-14 22:09:00+00:00,2.0,aa-44-16-33,6.353610986926124,3.1476164674300326,0.0,0.0,0.0,0.0,False,False,0.25755899082306605,Level-1,36.35689951041842,127.4991782341565,0.7084525450906622,4.701448602679579,1.3869523879720593
202,2025-09-14 23:12:00+00:00,2025-09-14 23:14:00+00:00,2.0,aa-44-16-29,5.8286547707649685,2.922786719756464,0.0,0.0,0.0,0.0,False,False,0.2405068995061643,Level-1,36.32736633486125,127.44000671440605,-1.0201566108307825,4.999999999999904,0.4174603086048216
203,2025-09-15 06:56:00+00:00,2025-09-15 06:58:00+00:00,2.0,aa-44-13-97,8.364403088038262,6.070389539145016,0.0,0.0,0.0,0.0,False,False,0.3477795300919609,Level-1,36.32379313636756,127.44000671440746,-4.869482109270643,1.0365062125672648,2.0437743715605623
204,2025-09-15 07:10:00+00:00,2025-09-15 07:16:00+00:00,6.0,aa-44-16-29,28.278655352987073,7.943978464324049,0.0,0.0,0.0,0.0,False,False,0.4797389810002679,Level-1,36.30662585237168,127.44000671440605,0.18929121266316312,4.760581875773215,12.472015803183597
205,2025-09-15 09:41:00+00:00,2025-09-15 09:44:00+00:00,3.0,aa-44-17-41,11.896124060837312,5.935502669627227,0.0,0.0,0.0,0.0,False,False,0.397149356087262,Level-1,36.32122793921503,127.53630640786147,-9.999999999999963,0.47265585695614254,0.6223060746346665
206,2025-09-15 10:17:00+00:00,2025-09-15 10:22:00+00:00,5.0,aa-44-17-41,15.728070376080124,7.594679624864057,0.0,0.0,0.0,0.0,False,False,0.44926758379738746,Level-1,36.30234394480598,127.49453300251923,-0.02139034313734787,4.9999999999999964,6.676942240242059
207,2025-09-15 10:27:00+00:00,2025-09-15 10:31:00+00:00,4.0,aa-44-17-41,7.557536074057147,3.864028794231738,0.0,0.0,0.0,0.0,False,False,0.2971501371994022,Level-1,36.32882655930273,127.5025114808965,-9.999999999999998,0.2712974211806861,0.17402398639586575
208,2025-09-15 10:38:00+00:00,2025-09-15 10:40:00+00:00,2.0,aa-44-16-29,8.393796143141635,2.866576060380206,0.0,0.0,0.0,0.0,False,False,0.2957292300704889,Level-1,36.316594789483325,127.5515376801568,-0.13039857882049802,4.999999999999999,1.4060935192803135
209,2025-09-15 12:15:00+00:00,2025-09-15 12:17:00+00:00,2.0,aa-44-16-33,14.531378181581474,6.990159817127611,0.0,0.0,0.0,0.0,False,False,0.43445761754359447,Level-1,36.331579583451635,127.44000671440605,-1.311242020411469,2.3334093546602306,1.3402037714707924
210,2025-09-15 14:42:00+00:00,2025-09-15 14:44:00+00:00,2.0,aa-44-16-33,7.106236998206997,2.0847845068626167,0.0,0.0,0.0,0.0,False,False,0.25497566009477485,Level-1,36.31909010882444,127.5515376801568,-9.99999999999998,0.5857653615053475,0.6345409983934647
211,2025-09-15 21:28:00+00:00,2025-09-15 21:33:00+00:00,5.0,aa-44-12-15,71.44156003304758,23.009717269544396,0.0,0.0,0.0,0.0,False,False,0.5460264950424152,Level-1,36.316126018952744,127.5515376801568,-9.999999999999837,0.5575827359322666,10.612029373058418
212,2025-09-15 21:37:00+00:00,2025-09-15 21:40:00+00:00,3.0,aa-44-12-15,45.135472019943464,5.989467171244779,0.0,0.0,0.0,0.0,False,False,0.4571758624913516,Level-1,36.3156430694791,127.5515376801568,-9.999999999999964,0.5769661570418289,1.3517139328334278
213,2025-09-15 21:49:00+00:00,2025-09-15 21:54:00+00:00,5.0,aa-44-12-15,13.383930982854904,9.140499950459875,0.0,0.0,0.0,0.0,False,False,0.4495641023492182,Level-1,36.3239304373072,127.50680418459113,-9.999999999999961,0.29299444582832596,3.843571905133112
214,2025-09-16 10:21:00+00:00,2025-09-16 10:25:00+00:00,4.0,aa-44-13-97,75.75294790678365,360.1110882534825,0.0,0.0,0.0,0.0,False,False,0.549999815803882,Level-1,36.32829123038357,127.46448556572417,-9.999999999998872,0.37074193518894993,3.2595405028425155
215,2025-09-16 12:05:00+00:00,2025-09-16 12:07:00+00:00,2.0,aa-44-13-97,18.617911417162723,47.66379934439789,0.0,0.0,0.0,0.0,False,False,0.5334664502973273,Level-1,36.30234394480594,127.44000671440605,-1.0030912896992956,3.987356574207156,2.0717472575997586
216,2025-09-16 12:45:00+00:00,2025-09-16 12:48:00+00:00,3.0,"aa-44-17-41,aa-44-12-15",10.49472975067188,7.194535750097787,0.0,1.0,0.0,0.0,False,False,0.5968746260869543,Level-1,36.3205016365709,127.54993545659326,-9.999999999987178,0.5769189701141331,0.631024405454463
217,2025-09-16 19:56:00+00:00,2025-09-16 19:58:00+00:00,2.0,aa-44-13-97,7.337015197148894,2.0234654543860304,0.0,0.0,0.0,0.0,False,False,0.25878951853691184,Level-1,36.302343944806104,127.50398282969661,-0.22088793507704768,4.999999999999999,1.1383904766635755
218,2025-09-16 21:24:00+00:00,2025-09-16 21:28:00+00:00,4.0,aa-44-13-97,10.08483122738329,5.620731054763894,0.0,0.0,0.0,0.0,False,False,0.36969965785115483,Level-1,36.3188834270017,127.44000671440605,-7.698376303558919,0.61951483063472,2.175343527693714
219,2025-09-16 22:03:00+00:00,2025-09-16 22:09:00+00:00,6.0,aa-44-17-41,25.638016223544728,9.996866218667753,0.0,0.0,0.0,0.0,False,False,0.498165448692281,Level-1,36.31650581337394,127.5515376801568,-9.999999999999266,0.5724211202151096,1.2694547196161665
220,2025-09-17 00:00:00+00:00,2025-09-17 00:03:00+00:00,3.0,aa-44-13-97,43.68266409971181,78.00459326658141,0.0,0.0,0.0,0.0,False,False,0.549887524111834,Level-1,36.30234394481223,127.48824949787449,-0.01773849521681426,4.999999999999952,5.66593512479182
221,2025-09-17 00:21:00+00:00,2025-09-17 00:23:00+00:00,2.0,aa-44-13-97,27.599244802145407,84.83969053747612,0.0,0.0,0.0,0.0,False,False,0.5472066571087532,Level-1,36.32548183413326,127.44000671440607,-6.0230726772589716,0.8558592406284518,0.8590288796016095
222,2025-09-17 00:28:00+00:00,2025-09-17 00:33:00+00:00,5.0,aa-44-13-97,235.53736467673508,360.1110882534833,0.0,0.0,0.0,0.0,False,False,0.55,Level-1,36.321361341379486,127.44167879151392,-9.999999999999998,0.47276975818069883,5.001235684182644
223,2025-09-17 00:34:00+00:00,2025-09-17 00:39:00+00:00,5.0,aa-44-13-97,230.283575963492,267.33546191548993,0.0,0.0,0.0,0.0,False,False,0.55,Level-1,36.321589557170576,127.44000671441457,-9.945771156328576,0.49695053988746524,9.389346366225308
224,2025-09-17 04:18:00+00:00,2025-09-17 04:20:00+00:00,2.0,aa-44-16-29,9.377312571837331,7.419364992288362,0.0,0.0,0.0,0.0,False,False,0.3830250947863676,Level-1,36.308243922332224,127.5515376801568,-1.0659181080802183,4.999999999996838,0.6249800985704451
225,2025-09-17 10:34:00+00:00,2025-09-17 10:36:00+00:00,2.0,aa-44-12-15,6.521498714293854,2.5052417365564885,0.0,0.0,0.0,0.0,False,False,0.2496726793631351,Level-1,36.31734167216975,127.5515376801565,-5.663329463322636,1.0179147436902383,2.389072444699927
226,2025-09-17 10:53:00+00:00,2025-09-17 10:56:00+00:00,3.0,aa-44-16-29,7.798706590999679,3.3724424239767146,0.0,0.0,0.0,0.0,False,False,0.29342435201284967,Level-1,36.32584487221739,127.49506531604209,-4.0380984005512754,0.6823981676223282,1.3422692320522818
227,2025-09-17 11:06:00+00:00,2025-09-17 11:09:00+00:00,3.0,"aa-44-13-97,aa-44-12-15",6.791417939179331,2.293260848304171,0.0,1.0,0.0,0.0,False,False,0.4519141697670523,Level-1,36.322064146858196,127.5515376801568,-8.72588902487664,0.6837174518715051,0.4676097257322506
228,2025-09-17 11:14:00+00:00,2025-09-17 11:16:00+00:00,2.0,aa-44-17-41,8.861586987934256,1.5898664801223348,0.0,0.0,0.0,0.0,False,False,0.2798540376301546,Level-1,36.308243922332224,127.5515376801568,-1.0659181080802183,4.999999999996838,0.6249800985704451
229,2025-09-17 13:50:00+00:00,2025-09-17 13:52:00+00:00,2.0,aa-44-16-29,6.65662303676982,3.8542180562407546,0.0,0.0,0.0,0.0,False,False,0.27722310138754463,Level-1,36.31909655046483,127.44000671440605,-3.798228510961508,1.2703624812692718,0.3513845640465889
230,2025-09-17 14:18:00+00:00,2025-09-17 14:20:00+00:00,2.0,aa-44-13-97,5.84210034379541,2.4526876551324994,0.0,0.0,0.0,0.0,False,False,0.23209474300112065,Level-1,36.30234394480661,127.44000671441127,-0.830075163524997,4.892279759520555,1.4375456532814026
231,2025-09-17 21:29:00+00:00,2025-09-17 21:31:00+00:00,2.0,aa-44-17-41,8.060913015674025,1.9110528552253907,0.0,0.0,0.0,0.0,False,False,0.2713623961663105,Level-1,36.32331200107521,127.52479266968467,-8.42302681709591,0.47506494271749666,0.4785959831058891
232,2025-09-17 22:04:00+00:00,2025-09-17 22:08:00+00:00,4.0,aa-44-17-41,6.887874233817034,2.912447357670023,0.0,0.0,0.0,0.0,False,False,0.2656768722302093,Level-1,36.31476821745556,127.5515376801568,-9.999999999999998,0.564567212679862,2.6670021082333784
233,2025-09-18 08:57:00+00:00,2025-09-18 08:59:00+00:00,2.0,aa-44-13-97,6.943254172300624,7.41929826928005,0.0,0.0,0.0,0.0,False,False,0.33632567881864744,Level-1,36.30234394480594,127.55153768015643,-0.9799311724452155,4.999999999999965,1.6912251519386274
