event_id,t_start,t_end,duration_min,stations_involved,Z_peak,slopeZ_peak,pmratio_delta_med,veto_rh,veto_sync,score,level,tspulse_score_median,tspulse_score_peak,score_blend,level_blend
1,2025-08-27 17:26:00+00:00,2025-08-27 17:27:30+00:00,1.5,aa-44-16-33,9.61807843108401,1.8347396127094362,0.023686120026439328,False,False,0.5196263317649623,Level-1,0.094,0.474,0.3919384322354736,Weak
2,2025-08-28 05:15:00+00:00,2025-08-28 05:16:30+00:00,1.5,aa-44-16-33,7.319956287896031,5.211866531471828,0.059624779076450474,False,False,0.566016983968966,Level-1,0.361,0.674,0.5045118887782762,Level-1
3,2025-08-28 06:30:30+00:00,2025-08-28 06:32:00+00:00,1.5,aa-44-16-33,115.32606212688161,3.894168253191031,0.03326236513571379,False,False,0.7483429475037117,Level-2,1.0,1.0,0.8238400632525982,Level-2
4,2025-08-28 06:40:00+00:00,2025-08-28 06:44:00+00:00,4.0,aa-44-16-33,83.6182584982267,18.627119926317132,0.06119141869677025,False,False,0.9811714519485875,Level-2,1.0,1.0,0.9868200163640111,Level-2
5,2025-08-28 06:53:30+00:00,2025-08-28 06:56:00+00:00,2.5,aa-44-16-33,36.16260638058976,23.139519793668764,0.046481029643178906,False,False,0.9913889130458492,Level-2,1.0,1.0,0.9939722391320944,Level-2
6,2025-08-28 09:23:30+00:00,2025-08-28 09:25:00+00:00,1.5,aa-44-16-33,18.407140013433732,1011661.8075801611,-0.004750751555739785,False,False,0.970518179604256,Level-2,0.016,0.179,0.6841627257229792,Level-1
7,2025-08-28 09:39:00+00:00,2025-08-28 09:40:30+00:00,1.5,aa-44-16-33,17.73764149189579,309587.49585970223,-0.03629538962558143,False,False,0.9664123104613619,Level-2,0.0,0.0,0.6764886173229533,Level-1
8,2025-08-28 22:36:00+00:00,2025-08-28 22:37:30+00:00,1.5,aa-87-15-02,-11.38542815081565,9.720632892238493,0.06295096316493877,False,False,0.0,Level-1,0.415,0.857,0.12449999999999999,Weak
9,2025-08-28 23:59:30+00:00,2025-08-29 00:09:00+00:00,9.5,aa-44-16-33,71.91414782741045,29.023927353141346,0.09006962191862622,False,False,0.9975960798860902,Level-2,1.0,1.0,0.9983172559202631,Level-2
10,2025-08-29 00:10:30+00:00,2025-08-29 00:12:00+00:00,1.5,aa-44-16-33,67.9888656435839,4.482849450915583,0.0858623828339613,False,False,0.7681937915155059,Level-2,1.0,1.0,0.837735654060854,Level-2
11,2025-08-29 01:31:30+00:00,2025-08-29 01:33:00+00:00,1.5,aa-87-15-02,1.8550544362151529,5.6325675316447485,0.032894927107414665,False,False,0.31419979040124824,Level-1,0.1,0.544,0.24993985328087376,Weak
12,2025-08-29 05:10:30+00:00,2025-08-29 05:12:00+00:00,1.5,aa-44-16-29,18.146623070533874,39.01030051291025,0.5587346418111947,False,False,0.9686551330546118,Level-2,1.0,1.0,0.9780585931382282,Level-2
13,2025-08-30 18:22:30+00:00,2025-08-30 18:24:00+00:00,1.5,aa-87-15-02,-29.356927987638972,3.595353904860518,0.019323484274353514,False,False,0.0,Level-1,0.0,0.0,0.0,Weak
14,2025-08-30 21:00:00+00:00,2025-08-30 21:01:30+00:00,1.5,aa-44-16-33,14.456924460432079,13.763148779883398,0.12291163963672347,False,False,0.888952054950319,Level-2,0.216,0.337,0.6870664384652233,Level-1
15,2025-08-30 21:04:00+00:00,2025-08-30 21:05:30+00:00,1.5,aa-44-16-33,21.683437901105027,7.5259847941607045,0.08361074597998552,False,False,0.8391855517921787,Level-2,0.389,0.523,0.7041298862545251,Level-2
16,2025-08-31 02:03:30+00:00,2025-08-31 02:05:00+00:00,1.5,aa-44-16-29,6.2213809254819665,4.467280813063002,0.10773200832253804,False,False,0.4992512731384663,Level-1,0.092,0.336,0.3770758911969264,Weak
17,2025-08-31 12:58:30+00:00,2025-08-31 13:00:30+00:00,2.0,aa-44-16-33,25.309301065737724,2.2738164737471216,-0.00036363982109721693,False,False,0.6818642382863969,Level-2,0.1,0.338,0.5073049668004778,Level-1
18,2025-09-01 23:59:30+00:00,2025-09-02 00:01:30+00:00,2.0,aa-87-15-02,-8.198385242076334,5.0343626212935995,0.057818029847951063,False,False,0.0,Level-1,0.069,0.411,0.0207,Weak
19,2025-09-04 02:17:00+00:00,2025-09-04 02:18:30+00:00,1.5,aa-87-15-02,-0.5924655005720522,3.2211304520622632,0.023053784097503735,False,False,0.08906012321287984,Level-1,0.0,0.213,0.06234208624901589,Weak
20,2025-09-04 10:38:30+00:00,2025-09-04 10:41:00+00:00,2.5,aa-44-16-29,10.544788636633708,2.539358668356687,0.058362686015950405,False,False,0.5695708758415279,Level-1,0.262,0.926,0.4772996130890695,Level-1
21,2025-09-07 06:57:30+00:00,2025-09-07 06:59:00+00:00,1.5,aa-87-15-02,-0.4159967444592705,3.4648468407817967,0.005958484127662034,False,False,0.10835630459676807,Level-1,0.095,0.311,0.10434941321773764,Weak
22,2025-09-10 15:11:30+00:00,2025-09-10 15:14:30+00:00,3.0,aa-44-16-29,3946179.4183067856,948318.2324778099,0.158033467359733,False,False,1.0,Level-2,0.0,0.0,0.7,Level-2
23,2025-09-11 04:30:00+00:00,2025-09-11 04:31:30+00:00,1.5,aa-87-15-02,-0.513477562006666,14.334763448010419,0.038011987749776044,False,False,0.32616911613730803,Level-1,0.214,1.0,0.2925183812961156,Weak
24,2025-09-12 06:04:30+00:00,2025-09-12 06:06:00+00:00,1.5,aa-87-15-02,-0.5692224777661715,2.394760207049446,0.018802563695665325,False,False,0.059883798098878796,Level-1,0.009,0.497,0.044618658669215154,Weak
25,2025-09-13 06:50:30+00:00,2025-09-13 06:52:00+00:00,1.5,aa-44-16-33,10.053183304462284,5.004096208903966,0.0945248730806324,False,False,0.6432669089068215,Level-2,0.003,0.104,0.451186836234775,Level-1
26,2025-09-13 07:01:30+00:00,2025-09-13 07:03:00+00:00,1.5,aa-44-16-29,13.393148815154765,3.8234378205316055,0.1207110251708674,False,False,0.6688010259101606,Level-2,0.018,0.302,0.47356071813711237,Level-1
27,2025-09-13 17:48:00+00:00,2025-09-13 17:50:00+00:00,2.0,aa-87-15-02,-0.7313549459730585,5.770592282875727,0.1081370250508632,False,False,0.1644066661784349,Level-1,1.0,1.0,0.4150846663249044,Level-1
